<?xml version="1.0"?>
<doc>
    <assembly>
        <name>SuperSlingshot_0</name>
    </assembly>
    <members>
        <member name="M:SuperSlingshot.App.OnActivated">
            <summary>
            Called when [activated].
            </summary>
        </member>
        <member name="M:SuperSlingshot.App.OnDeactivate">
            <summary>
            Called when [deactivate].
            </summary>
        </member>
        <member name="T:SuperSlingshot.Behaviors.AutoMoveBehavior">
            <summary>
            Linear movement behavior
            </summary>
        </member>
        <member name="M:SuperSlingshot.Behaviors.AutoMoveBehavior.ResolveDependencies">
            <summary>
            Resolve dependencies
            </summary>
        </member>
        <member name="M:SuperSlingshot.Behaviors.AutoMoveBehavior.Update(System.TimeSpan)">
            <summary>
            Update method, calculates and applies displacement
            </summary>
            <param name="gameTime"></param>
        </member>
        <member name="T:SuperSlingshot.Behaviors.AutoThrowBehavior">
            <summary>
            Auto throwing behavior
            </summary>
        </member>
        <member name="M:SuperSlingshot.Behaviors.AutoThrowBehavior.ResolveDependencies">
            <summary>
            Resolve dependencies
            </summary>
        </member>
        <member name="M:SuperSlingshot.Behaviors.AutoThrowBehavior.Update(System.TimeSpan)">
            <summary>
            Update method. Counts the time to next throwing
            </summary>
            <param name="gameTime"></param>
        </member>
        <member name="M:SuperSlingshot.Behaviors.AutoThrowBehavior.ReSpawn">
            <summary>
            Respawn method
            </summary>
        </member>
        <member name="M:SuperSlingshot.Behaviors.AutoThrowBehavior.Sleep">
            <summary>
            Sleeps the rigid body
            </summary>
        </member>
        <member name="T:SuperSlingshot.Behaviors.BreakableBehavior">
            <summary>
            Behavior for breakable entities
            </summary>
        </member>
        <member name="M:SuperSlingshot.Behaviors.BreakableBehavior.Initialize">
            <summary>
            Initialize method
            </summary>
        </member>
        <member name="M:SuperSlingshot.Behaviors.BreakableBehavior.ResolveDependencies">
            <summary>
            Resolve dependencies
            </summary>
        </member>
        <member name="M:SuperSlingshot.Behaviors.BreakableBehavior.SetState(SuperSlingshot.Enums.BreakableState)">
            <summary>
            Set the state of the breakable entity
            </summary>
            <param name="state"></param>
        </member>
        <member name="M:SuperSlingshot.Behaviors.BreakableBehavior.Update(System.TimeSpan)">
            <summary>
            Update method
            </summary>
            <param name="gameTime"></param>
        </member>
        <member name="M:SuperSlingshot.Behaviors.CameraBehavior.Initialize">
            <summary>
            Initialize method
            </summary>
        </member>
        <member name="M:SuperSlingshot.Behaviors.CameraBehavior.SetLimits(WaveEngine.Common.Math.Vector2,WaveEngine.Common.Math.Vector2)">
            <summary>
            Update camera bounds
            </summary>
            <param name="min"></param>
            <param name="max"></param>
        </member>
        <member name="M:SuperSlingshot.Behaviors.CameraBehavior.SetTarget(System.String)">
            <summary>
            Sets the target to follow, empty parameter to unfollow
            </summary>
            <param name="entityPath"></param>
        </member>
        <member name="M:SuperSlingshot.Behaviors.CameraBehavior.Dispose">
            <summary>
            Dispose method.
            </summary>
        </member>
        <member name="M:SuperSlingshot.Behaviors.CameraBehavior.RefreshCameraLimits">
            <summary>
            Updates the camera limits on size changed
            </summary>
        </member>
        <member name="M:SuperSlingshot.Behaviors.CameraBehavior.Update(System.TimeSpan)">
            <summary>
            Update method, calls the children update.
            </summary>
            <param name="gameTime"></param>
        </member>
        <member name="M:SuperSlingshot.Behaviors.CameraBehavior.ChildRefreshCamera">
            <summary>
            Refresh method to implement in child class
            </summary>
        </member>
        <member name="M:SuperSlingshot.Behaviors.CameraBehavior.CameraUpdate(System.TimeSpan)">
            <summary>
            Update method to implement in child class
            </summary>
        </member>
        <member name="M:SuperSlingshot.Behaviors.CameraBehavior.OnScreenSizeChanged(System.Object,WaveEngine.Common.Helpers.SizeEventArgs)">
            <summary>
            Raised when screen size changed
            </summary>
            <param name="sender"></param>
            <param name="e"></param>
        </member>
        <member name="T:SuperSlingshot.Behaviors.CurbCameraBehavior">
            <summary>
            Smooth camera with frame and following a target
            </summary>
        </member>
        <member name="P:SuperSlingshot.Behaviors.CurbCameraBehavior.BottomFrameSizePercent">
            <summary>
            Frame Bottom (percent)
            </summary>
        </member>
        <member name="P:SuperSlingshot.Behaviors.CurbCameraBehavior.TopFrameSizePercent">
            <summary>
            Frame Top (percent)
            </summary>
        </member>
        <member name="P:SuperSlingshot.Behaviors.CurbCameraBehavior.RightFrameSizePercent">
            <summary>
            Frame Right (percent)
            </summary>
        </member>
        <member name="P:SuperSlingshot.Behaviors.CurbCameraBehavior.LeftFrameSizePercent">
            <summary>
            Frame Left (percent)
            </summary>
        </member>
        <member name="M:SuperSlingshot.Behaviors.CurbCameraBehavior.Initialize">
            <summary>
            Initialize method.
            </summary>
        </member>
        <member name="M:SuperSlingshot.Behaviors.CurbCameraBehavior.CameraUpdate(System.TimeSpan)">
            <summary>
            Update method
            </summary>
            <param name="gameTime"></param>
        </member>
        <member name="M:SuperSlingshot.Behaviors.CurbCameraBehavior.CalculateCameraBounds(WaveEngine.Common.Math.Vector2)">
            <summary>
            Camera limits
            </summary>
            <param name="position"></param>
            <returns></returns>
        </member>
        <member name="M:SuperSlingshot.Behaviors.CurbCameraBehavior.ChildRefreshCamera">
            <summary>
            Refresh on screen resize
            </summary>
        </member>
        <member name="M:SuperSlingshot.Behaviors.CurbCameraBehavior.CalculateCameraDelta">
            <summary>
            Calculates the camera delta, limited by bounds
            </summary>
            <returns></returns>
        </member>
        <member name="T:SuperSlingshot.Behaviors.FollowCameraBehavior">
            <summary>
            Simple target-follow camera
            </summary>
        </member>
        <member name="T:SuperSlingshot.Behaviors.DebugMovementBehavior">
            <summary>
            Debug behavior, controls the entity by keyboard
            </summary>
        </member>
        <member name="M:SuperSlingshot.Behaviors.DebugMovementBehavior.Update(System.TimeSpan)">
            <summary>
            Update method
            </summary>
            <param name="gameTime"></param>
        </member>
        <member name="T:SuperSlingshot.Behaviors.MouseBehavior">
            <summary>
            Touch contol behavior
            </summary>
        </member>
        <member name="M:SuperSlingshot.Behaviors.MouseBehavior.DefaultValues">
            <summary>
            Dafault values
            </summary>
        </member>
        <member name="M:SuperSlingshot.Behaviors.MouseBehavior.ResolveDependencies">
            <summary>
            Resolve dependencies
            </summary>
        </member>
        <member name="M:SuperSlingshot.Behaviors.MouseBehavior.Update(System.TimeSpan)">
            <summary>
            Update method
            </summary>
            <param name="gameTime"></param>
        </member>
        <member name="M:SuperSlingshot.Drawables.Trajectory2DDrawable.UpdateCurvePoints">
            <summary>
            Update the curve points from the control points
            </summary>
        </member>
        <member name="F:SuperSlingshot.NinePatch.NinePatchBase.Transform2D">
            <summary>
            Required 2D transform.
            See <see cref="F:SuperSlingshot.NinePatch.NinePatchBase.Transform2D"/> for more information.
            </summary>
        </member>
        <member name="F:SuperSlingshot.NinePatch.NinePatchBase.isGlobalAsset">
            <summary>
            The texture is loaded in global asset manager.
            </summary>
        </member>
        <member name="F:SuperSlingshot.NinePatch.NinePatchBase.texturePath">
            <summary>
            Texture path
            </summary>
        </member>
        <member name="F:SuperSlingshot.NinePatch.NinePatchBase.size">
            <summary>
            The size
            </summary>
        </member>
        <member name="F:SuperSlingshot.NinePatch.NinePatchBase.ninePatchTexture">
            <summary>
            The nine patch texture info
            </summary>
        </member>
        <member name="F:SuperSlingshot.NinePatch.NinePatchBase.disposed">
            <summary>
            The disposed
            </summary>
        </member>
        <member name="F:SuperSlingshot.NinePatch.NinePatchBase.material">
            <summary>
            Sprite material
            </summary>
        </member>
        <member name="P:SuperSlingshot.NinePatch.NinePatchBase.IsGlobalAsset">
            <summary>
            Gets or sets a value indicating whether this asset is global.
            By "global" it is meant this asset will be consumed anywhere else. It implies 
            once this component is disposed, the asset it-self will not be unload from memory.
            </summary>
            <value>
                <c>true</c> if this asset is global; otherwise, <c>false</c>.
            </value>
        </member>
        <member name="P:SuperSlingshot.NinePatch.NinePatchBase.TexturePath">
            <summary>
            Gets or sets the texture path.
            Such path is platform agnostic, and will always start with "Content/".
            Example: "Content/Characters/Tim.wpk"
            </summary>
            <value>
                The texture path.
            </value>
        </member>
        <member name="P:SuperSlingshot.NinePatch.NinePatchBase.TintColor">
            <summary>
            Gets or sets the tint color.
            Each pixel of the sprite will be multiplied by such color during the drawing.
            By default, it is white.
            </summary>
            <value>
            The tint color.
            </value>
        </member>
        <member name="P:SuperSlingshot.NinePatch.NinePatchBase.Size">
            <summary>
            Gets or sets the size.
            </summary>
            <value>
            The size.
            </value>
        </member>
        <member name="P:SuperSlingshot.NinePatch.NinePatchBase.Material">
            <summary>
            Gets or sets the material used to render the sprite
            </summary>
        </member>
        <member name="P:SuperSlingshot.NinePatch.NinePatchBase.StretchableRectangle">
            <summary>
            The stretchable rectangle
            </summary>
        </member>
        <member name="P:SuperSlingshot.NinePatch.NinePatchBase.StretchableRectangleCoords">
            <summary>
            The stretchable rectangle coordinates
            </summary>
        </member>
        <member name="M:SuperSlingshot.NinePatch.NinePatchBase.DefaultValues">
            <summary>
            The default values
            </summary>
        </member>
        <member name="M:SuperSlingshot.NinePatch.NinePatchBase.Initialize">
            <summary>
            Performs further custom initialization for this instance.
            </summary>
        </member>
        <member name="M:SuperSlingshot.NinePatch.NinePatchBase.Dispose">
            <summary>
            Releases unmanaged and - optionally - managed resources.
            </summary>
        </member>
        <member name="M:SuperSlingshot.NinePatch.NinePatchBase.UpdateTransformRectangleSize">
            <summary>
            Updates the size of the transform's rectangle.
            </summary>
        </member>
        <member name="M:SuperSlingshot.NinePatch.NinePatchBase.RefreshTexture">
            <summary>
            Refresh the sprite texture
            </summary>
        </member>
        <member name="M:SuperSlingshot.NinePatch.NinePatchBase.UnloadTexture(System.Boolean)">
            <summary>
            Unload texture
            </summary>
        </member>
        <member name="M:SuperSlingshot.NinePatch.NinePatchBase.UpdateNinePatchData(System.String,WaveEngine.Common.Graphics.Texture,WaveEngine.Common.Math.Rectangle)">
            <summary>
            Updates the strechable rectangles and inner texture.
            </summary>
            <param name="textureId">The nine patch texture id</param>
            <param name="sourceTexture">The source texture.</param>
            <param name="sourceRectangle">The source rectangle.</param>
        </member>
        <member name="M:SuperSlingshot.NinePatch.NinePatchBase.InitMaterial">
            <summary>
            Init material
            </summary>
        </member>
        <member name="M:SuperSlingshot.NinePatch.NinePatchBase.Dispose(System.Boolean)">
            <summary>
                Releases unmanaged and - optionally - managed resources
            </summary>
            <param name="disposing">
                <c>true</c> to release both managed and unmanaged resources; <c>false</c> to release only unmanaged resources.
            </param>
        </member>
        <member name="F:SuperSlingshot.NinePatch.NinePatchRenderer.instances">
            <summary>
            Number of instances of this component created.
            </summary>
        </member>
        <member name="F:SuperSlingshot.NinePatch.NinePatchRenderer.transform2D">
            <summary>
            The entity transform.
            </summary>
        </member>
        <member name="F:SuperSlingshot.NinePatch.NinePatchRenderer.ninePatch">
            <summary>
            Materials used rendering the particle system.
            </summary>
        </member>
        <member name="F:SuperSlingshot.NinePatch.NinePatchRenderer.vertices">
            <summary>
            The vertices
            </summary>
        </member>
        <member name="F:SuperSlingshot.NinePatch.NinePatchRenderer.disposed">
            <summary>
            The disposed
            </summary>
        </member>
        <member name="F:SuperSlingshot.NinePatch.NinePatchRenderer.mesh">
            <summary>
            The quad mesh.
            </summary>
        </member>
        <member name="M:SuperSlingshot.NinePatch.NinePatchRenderer.#ctor">
            <summary>
            Initializes a new instance of the <see cref="!:QuadRenderer" /> class.
            </summary>
        </member>
        <member name="M:SuperSlingshot.NinePatch.NinePatchRenderer.Draw(System.TimeSpan)">
            <summary>
            Allows to perform custom drawing.
            </summary>
            <param name="gameTime">The elapsed game time.</param>
            <remarks>
            This method will only be called if all the following points are true:
            <list type="bullet">
            <item>
            <description>The parent of the owner <see cref="T:WaveEngine.Framework.Entity" /> of the <see cref="T:WaveEngine.Framework.Drawable" /> cascades its visibility to its children and it is visible.</description>
            </item>
            <item>
            <description>The <see cref="T:WaveEngine.Framework.Drawable" /> is active.</description>
            </item>
            <item>
            <description>The owner <see cref="T:WaveEngine.Framework.Entity" /> of the <see cref="T:WaveEngine.Framework.Drawable" /> is active and visible.</description>
            </item>
            </list>
            </remarks>
        </member>
        <member name="M:SuperSlingshot.NinePatch.NinePatchRenderer.Initialize">
            <summary>
            Performs further custom initialization for this instance.
            </summary>
        </member>
        <member name="M:SuperSlingshot.NinePatch.NinePatchRenderer.RefreshMesh">
            <summary>
            Refresh the mesh
            </summary>
        </member>
        <member name="M:SuperSlingshot.NinePatch.NinePatchRenderer.Dispose(System.Boolean)">
            <summary>
            Releases unmanaged and - optionally - managed resources.
            </summary>
            <param name="disposing"><c>true</c> to release both managed and unmanaged resources; <c>false</c> to release only unmanaged resources.</param>
        </member>
        <member name="F:SuperSlingshot.NinePatch.NinePatchSprite.texturePathInUse">
            <summary>
            The texture path in use
            </summary>
        </member>
        <member name="P:SuperSlingshot.NinePatch.NinePatchSprite.TexturePath">
            <summary>
            Gets or sets the texture path.
            Such path is platform agnostic, and will always start with "Content/".
            Example: "Content/Characters/Tim.wpk"
            </summary>
            <value>
                The texture path.
            </value>
        </member>
        <member name="F:SuperSlingshot.NinePatch.NinePatchSpriteAtlas.textureName">
            <summary>
            The texture name.
            </summary>
        </member>
        <member name="F:SuperSlingshot.NinePatch.NinePatchSpriteAtlas.textureIndex">
            <summary>
            The texture index.
            </summary>
        </member>
        <member name="P:SuperSlingshot.NinePatch.NinePatchSpriteAtlas.TexturePath">
            <summary>
                Gets or sets the path to the atlas.
            </summary>
            <value>
                The atlas path.
            </value>
        </member>
        <member name="P:SuperSlingshot.NinePatch.NinePatchSpriteAtlas.TextureName">
            <summary>
                Gets or sets the name of the texture from where this atlas is loaded.
            </summary>
            <value>
                The name of the texture.
            </value>
        </member>
        <member name="P:SuperSlingshot.NinePatch.NinePatchSpriteAtlas.SpriteSheet">
            <summary>
                Gets or sets the texture atlas.
            </summary>
            <value>
                The texture atlas.
            </value>
        </member>
        <member name="P:SuperSlingshot.NinePatch.NinePatchSpriteAtlas.TextureNames">
            <summary>
            Gets the texture names.
            </summary>
            <value>
            The texture names.
            </value>
        </member>
        <member name="M:SuperSlingshot.NinePatch.NinePatchSpriteAtlas.RefreshTextureIndex(System.Boolean)">
            <summary>
            Refresh texture index from its name
            </summary>
        </member>
        <member name="M:SuperSlingshot.NinePatch.NinePatchSpriteAtlas.RefreshSourceRectangle(System.Boolean)">
            <summary>
            Refresh the source rectangle of the sprite transform 2D.
            </summary>
            <exception cref="T:System.ObjectDisposedException">SpriteAtlas has been disposed.</exception>
        </member>
        <member name="P:SuperSlingshot.NinePatch.NinePatchTextureInfo.InnerTexture">
            <summary>
            The inner texture
            </summary>
        </member>
        <member name="P:SuperSlingshot.NinePatch.NinePatchTextureInfo.StretchableRectangle">
            <summary>
            The stretchable rectangle
            </summary>
        </member>
        <member name="P:SuperSlingshot.NinePatch.NinePatchTextureInfo.StretchableRectangleCoords">
            <summary>
            The stretchable rectangle coordinates
            </summary>
        </member>
        <member name="F:SuperSlingshot.WaveContent.Assets.elastic_line_png">
            <summary> Path to Content/Assets/elastic_line.png </summary>
        </member>
        <member name="F:SuperSlingshot.WaveContent.Assets.standard_line_png">
            <summary> Path to Content/Assets/standard_line.png </summary>
        </member>
        <member name="F:SuperSlingshot.WaveContent.Assets.Breakables.glass1x1c_png">
            <summary> Path to Content/Assets/Breakables/glass1x1c.png </summary>
        </member>
        <member name="F:SuperSlingshot.WaveContent.Assets.Breakables.glass1x1cb_png">
            <summary> Path to Content/Assets/Breakables/glass1x1cb.png </summary>
        </member>
        <member name="F:SuperSlingshot.WaveContent.Assets.Breakables.glass1x1r_png">
            <summary> Path to Content/Assets/Breakables/glass1x1r.png </summary>
        </member>
        <member name="F:SuperSlingshot.WaveContent.Assets.Breakables.glass1x1rb_png">
            <summary> Path to Content/Assets/Breakables/glass1x1rb.png </summary>
        </member>
        <member name="F:SuperSlingshot.WaveContent.Assets.Breakables.glass1x1t_png">
            <summary> Path to Content/Assets/Breakables/glass1x1t.png </summary>
        </member>
        <member name="F:SuperSlingshot.WaveContent.Assets.Breakables.glass1x1tb_png">
            <summary> Path to Content/Assets/Breakables/glass1x1tb.png </summary>
        </member>
        <member name="F:SuperSlingshot.WaveContent.Assets.Breakables.glass1x2r_png">
            <summary> Path to Content/Assets/Breakables/glass1x2r.png </summary>
        </member>
        <member name="F:SuperSlingshot.WaveContent.Assets.Breakables.glass1x2rb_png">
            <summary> Path to Content/Assets/Breakables/glass1x2rb.png </summary>
        </member>
        <member name="F:SuperSlingshot.WaveContent.Assets.Breakables.glass1x3r_png">
            <summary> Path to Content/Assets/Breakables/glass1x3r.png </summary>
        </member>
        <member name="F:SuperSlingshot.WaveContent.Assets.Breakables.glass1x3rb_png">
            <summary> Path to Content/Assets/Breakables/glass1x3rb.png </summary>
        </member>
        <member name="F:SuperSlingshot.WaveContent.Assets.Breakables.glass2x1r_png">
            <summary> Path to Content/Assets/Breakables/glass2x1r.png </summary>
        </member>
        <member name="F:SuperSlingshot.WaveContent.Assets.Breakables.glass2x1rb_png">
            <summary> Path to Content/Assets/Breakables/glass2x1rb.png </summary>
        </member>
        <member name="F:SuperSlingshot.WaveContent.Assets.Breakables.glass2x1t_png">
            <summary> Path to Content/Assets/Breakables/glass2x1t.png </summary>
        </member>
        <member name="F:SuperSlingshot.WaveContent.Assets.Breakables.glass2x1tb_png">
            <summary> Path to Content/Assets/Breakables/glass2x1tb.png </summary>
        </member>
        <member name="F:SuperSlingshot.WaveContent.Assets.Breakables.glass2x2r_png">
            <summary> Path to Content/Assets/Breakables/glass2x2r.png </summary>
        </member>
        <member name="F:SuperSlingshot.WaveContent.Assets.Breakables.glass2x2rb_png">
            <summary> Path to Content/Assets/Breakables/glass2x2rb.png </summary>
        </member>
        <member name="F:SuperSlingshot.WaveContent.Assets.Breakables.glass2x3r_png">
            <summary> Path to Content/Assets/Breakables/glass2x3r.png </summary>
        </member>
        <member name="F:SuperSlingshot.WaveContent.Assets.Breakables.glass2x3rb_png">
            <summary> Path to Content/Assets/Breakables/glass2x3rb.png </summary>
        </member>
        <member name="F:SuperSlingshot.WaveContent.Assets.Breakables.glass3x1r_png">
            <summary> Path to Content/Assets/Breakables/glass3x1r.png </summary>
        </member>
        <member name="F:SuperSlingshot.WaveContent.Assets.Breakables.glass3x1rb_png">
            <summary> Path to Content/Assets/Breakables/glass3x1rb.png </summary>
        </member>
        <member name="F:SuperSlingshot.WaveContent.Assets.Breakables.glass3x2r_png">
            <summary> Path to Content/Assets/Breakables/glass3x2r.png </summary>
        </member>
        <member name="F:SuperSlingshot.WaveContent.Assets.Breakables.glass3x2rb_png">
            <summary> Path to Content/Assets/Breakables/glass3x2rb.png </summary>
        </member>
        <member name="F:SuperSlingshot.WaveContent.Assets.Breakables.metal1x1c_png">
            <summary> Path to Content/Assets/Breakables/metal1x1c.png </summary>
        </member>
        <member name="F:SuperSlingshot.WaveContent.Assets.Breakables.metal1x1cb_png">
            <summary> Path to Content/Assets/Breakables/metal1x1cb.png </summary>
        </member>
        <member name="F:SuperSlingshot.WaveContent.Assets.Breakables.metal1x1r_png">
            <summary> Path to Content/Assets/Breakables/metal1x1r.png </summary>
        </member>
        <member name="F:SuperSlingshot.WaveContent.Assets.Breakables.metal1x1rb_png">
            <summary> Path to Content/Assets/Breakables/metal1x1rb.png </summary>
        </member>
        <member name="F:SuperSlingshot.WaveContent.Assets.Breakables.metal1x1t_png">
            <summary> Path to Content/Assets/Breakables/metal1x1t.png </summary>
        </member>
        <member name="F:SuperSlingshot.WaveContent.Assets.Breakables.metal1x1tb_png">
            <summary> Path to Content/Assets/Breakables/metal1x1tb.png </summary>
        </member>
        <member name="F:SuperSlingshot.WaveContent.Assets.Breakables.metal1x2r_png">
            <summary> Path to Content/Assets/Breakables/metal1x2r.png </summary>
        </member>
        <member name="F:SuperSlingshot.WaveContent.Assets.Breakables.metal1x2rb_png">
            <summary> Path to Content/Assets/Breakables/metal1x2rb.png </summary>
        </member>
        <member name="F:SuperSlingshot.WaveContent.Assets.Breakables.metal1x3r_png">
            <summary> Path to Content/Assets/Breakables/metal1x3r.png </summary>
        </member>
        <member name="F:SuperSlingshot.WaveContent.Assets.Breakables.metal1x3rb_png">
            <summary> Path to Content/Assets/Breakables/metal1x3rb.png </summary>
        </member>
        <member name="F:SuperSlingshot.WaveContent.Assets.Breakables.metal2x1r_png">
            <summary> Path to Content/Assets/Breakables/metal2x1r.png </summary>
        </member>
        <member name="F:SuperSlingshot.WaveContent.Assets.Breakables.metal2x1rb_png">
            <summary> Path to Content/Assets/Breakables/metal2x1rb.png </summary>
        </member>
        <member name="F:SuperSlingshot.WaveContent.Assets.Breakables.metal2x1t_png">
            <summary> Path to Content/Assets/Breakables/metal2x1t.png </summary>
        </member>
        <member name="F:SuperSlingshot.WaveContent.Assets.Breakables.metal2x1tb_png">
            <summary> Path to Content/Assets/Breakables/metal2x1tb.png </summary>
        </member>
        <member name="F:SuperSlingshot.WaveContent.Assets.Breakables.metal2x2r_png">
            <summary> Path to Content/Assets/Breakables/metal2x2r.png </summary>
        </member>
        <member name="F:SuperSlingshot.WaveContent.Assets.Breakables.metal2x2rb_png">
            <summary> Path to Content/Assets/Breakables/metal2x2rb.png </summary>
        </member>
        <member name="F:SuperSlingshot.WaveContent.Assets.Breakables.metal2x3r_png">
            <summary> Path to Content/Assets/Breakables/metal2x3r.png </summary>
        </member>
        <member name="F:SuperSlingshot.WaveContent.Assets.Breakables.metal2x3rb_png">
            <summary> Path to Content/Assets/Breakables/metal2x3rb.png </summary>
        </member>
        <member name="F:SuperSlingshot.WaveContent.Assets.Breakables.metal3x1r_png">
            <summary> Path to Content/Assets/Breakables/metal3x1r.png </summary>
        </member>
        <member name="F:SuperSlingshot.WaveContent.Assets.Breakables.metal3x1rb_png">
            <summary> Path to Content/Assets/Breakables/metal3x1rb.png </summary>
        </member>
        <member name="F:SuperSlingshot.WaveContent.Assets.Breakables.metal3x2r_png">
            <summary> Path to Content/Assets/Breakables/metal3x2r.png </summary>
        </member>
        <member name="F:SuperSlingshot.WaveContent.Assets.Breakables.metal3x2rb_png">
            <summary> Path to Content/Assets/Breakables/metal3x2rb.png </summary>
        </member>
        <member name="F:SuperSlingshot.WaveContent.Assets.Breakables.stone1x1c_png">
            <summary> Path to Content/Assets/Breakables/stone1x1c.png </summary>
        </member>
        <member name="F:SuperSlingshot.WaveContent.Assets.Breakables.stone1x1cb_png">
            <summary> Path to Content/Assets/Breakables/stone1x1cb.png </summary>
        </member>
        <member name="F:SuperSlingshot.WaveContent.Assets.Breakables.stone1x1r_png">
            <summary> Path to Content/Assets/Breakables/stone1x1r.png </summary>
        </member>
        <member name="F:SuperSlingshot.WaveContent.Assets.Breakables.stone1x1rb_png">
            <summary> Path to Content/Assets/Breakables/stone1x1rb.png </summary>
        </member>
        <member name="F:SuperSlingshot.WaveContent.Assets.Breakables.stone1x1t_png">
            <summary> Path to Content/Assets/Breakables/stone1x1t.png </summary>
        </member>
        <member name="F:SuperSlingshot.WaveContent.Assets.Breakables.stone1x1tb_png">
            <summary> Path to Content/Assets/Breakables/stone1x1tb.png </summary>
        </member>
        <member name="F:SuperSlingshot.WaveContent.Assets.Breakables.stone1x2_png">
            <summary> Path to Content/Assets/Breakables/stone1x2.png </summary>
        </member>
        <member name="F:SuperSlingshot.WaveContent.Assets.Breakables.stone1x2rb_png">
            <summary> Path to Content/Assets/Breakables/stone1x2rb.png </summary>
        </member>
        <member name="F:SuperSlingshot.WaveContent.Assets.Breakables.stone1x3r_png">
            <summary> Path to Content/Assets/Breakables/stone1x3r.png </summary>
        </member>
        <member name="F:SuperSlingshot.WaveContent.Assets.Breakables.stone1x3rb_png">
            <summary> Path to Content/Assets/Breakables/stone1x3rb.png </summary>
        </member>
        <member name="F:SuperSlingshot.WaveContent.Assets.Breakables.stone2x1r_png">
            <summary> Path to Content/Assets/Breakables/stone2x1r.png </summary>
        </member>
        <member name="F:SuperSlingshot.WaveContent.Assets.Breakables.stone2x1rb_png">
            <summary> Path to Content/Assets/Breakables/stone2x1rb.png </summary>
        </member>
        <member name="F:SuperSlingshot.WaveContent.Assets.Breakables.stone2x1t_png">
            <summary> Path to Content/Assets/Breakables/stone2x1t.png </summary>
        </member>
        <member name="F:SuperSlingshot.WaveContent.Assets.Breakables.stone2x1tb_png">
            <summary> Path to Content/Assets/Breakables/stone2x1tb.png </summary>
        </member>
        <member name="F:SuperSlingshot.WaveContent.Assets.Breakables.stone2x2r_png">
            <summary> Path to Content/Assets/Breakables/stone2x2r.png </summary>
        </member>
        <member name="F:SuperSlingshot.WaveContent.Assets.Breakables.stone2x2rb_png">
            <summary> Path to Content/Assets/Breakables/stone2x2rb.png </summary>
        </member>
        <member name="F:SuperSlingshot.WaveContent.Assets.Breakables.stone2x3r_png">
            <summary> Path to Content/Assets/Breakables/stone2x3r.png </summary>
        </member>
        <member name="F:SuperSlingshot.WaveContent.Assets.Breakables.stone2x3rb_png">
            <summary> Path to Content/Assets/Breakables/stone2x3rb.png </summary>
        </member>
        <member name="F:SuperSlingshot.WaveContent.Assets.Breakables.stone3x1r_png">
            <summary> Path to Content/Assets/Breakables/stone3x1r.png </summary>
        </member>
        <member name="F:SuperSlingshot.WaveContent.Assets.Breakables.stone3x1rb_png">
            <summary> Path to Content/Assets/Breakables/stone3x1rb.png </summary>
        </member>
        <member name="F:SuperSlingshot.WaveContent.Assets.Breakables.stone3x2r_png">
            <summary> Path to Content/Assets/Breakables/stone3x2r.png </summary>
        </member>
        <member name="F:SuperSlingshot.WaveContent.Assets.Breakables.stone3x2rb_png">
            <summary> Path to Content/Assets/Breakables/stone3x2rb.png </summary>
        </member>
        <member name="F:SuperSlingshot.WaveContent.Assets.Breakables.wood1x1c_png">
            <summary> Path to Content/Assets/Breakables/wood1x1c.png </summary>
        </member>
        <member name="F:SuperSlingshot.WaveContent.Assets.Breakables.wood1x1cb_png">
            <summary> Path to Content/Assets/Breakables/wood1x1cb.png </summary>
        </member>
        <member name="F:SuperSlingshot.WaveContent.Assets.Breakables.wood1x1r_png">
            <summary> Path to Content/Assets/Breakables/wood1x1r.png </summary>
        </member>
        <member name="F:SuperSlingshot.WaveContent.Assets.Breakables.wood1x1rb_png">
            <summary> Path to Content/Assets/Breakables/wood1x1rb.png </summary>
        </member>
        <member name="F:SuperSlingshot.WaveContent.Assets.Breakables.wood1x1t_png">
            <summary> Path to Content/Assets/Breakables/wood1x1t.png </summary>
        </member>
        <member name="F:SuperSlingshot.WaveContent.Assets.Breakables.wood1x1tb_png">
            <summary> Path to Content/Assets/Breakables/wood1x1tb.png </summary>
        </member>
        <member name="F:SuperSlingshot.WaveContent.Assets.Breakables.wood1x2r_png">
            <summary> Path to Content/Assets/Breakables/wood1x2r.png </summary>
        </member>
        <member name="F:SuperSlingshot.WaveContent.Assets.Breakables.wood1x2tb_png">
            <summary> Path to Content/Assets/Breakables/wood1x2tb.png </summary>
        </member>
        <member name="F:SuperSlingshot.WaveContent.Assets.Breakables.wood1x3r_png">
            <summary> Path to Content/Assets/Breakables/wood1x3r.png </summary>
        </member>
        <member name="F:SuperSlingshot.WaveContent.Assets.Breakables.wood1x3rb_png">
            <summary> Path to Content/Assets/Breakables/wood1x3rb.png </summary>
        </member>
        <member name="F:SuperSlingshot.WaveContent.Assets.Breakables.wood2x1r_png">
            <summary> Path to Content/Assets/Breakables/wood2x1r.png </summary>
        </member>
        <member name="F:SuperSlingshot.WaveContent.Assets.Breakables.wood2x1rb_png">
            <summary> Path to Content/Assets/Breakables/wood2x1rb.png </summary>
        </member>
        <member name="F:SuperSlingshot.WaveContent.Assets.Breakables.wood2x1t_png">
            <summary> Path to Content/Assets/Breakables/wood2x1t.png </summary>
        </member>
        <member name="F:SuperSlingshot.WaveContent.Assets.Breakables.wood2x1tb_png">
            <summary> Path to Content/Assets/Breakables/wood2x1tb.png </summary>
        </member>
        <member name="F:SuperSlingshot.WaveContent.Assets.Breakables.wood2x2r_png">
            <summary> Path to Content/Assets/Breakables/wood2x2r.png </summary>
        </member>
        <member name="F:SuperSlingshot.WaveContent.Assets.Breakables.wood2x2rb_png">
            <summary> Path to Content/Assets/Breakables/wood2x2rb.png </summary>
        </member>
        <member name="F:SuperSlingshot.WaveContent.Assets.Breakables.wood2x3r_png">
            <summary> Path to Content/Assets/Breakables/wood2x3r.png </summary>
        </member>
        <member name="F:SuperSlingshot.WaveContent.Assets.Breakables.wood2x3rb_png">
            <summary> Path to Content/Assets/Breakables/wood2x3rb.png </summary>
        </member>
        <member name="F:SuperSlingshot.WaveContent.Assets.Breakables.wood3x1r_png">
            <summary> Path to Content/Assets/Breakables/wood3x1r.png </summary>
        </member>
        <member name="F:SuperSlingshot.WaveContent.Assets.Breakables.wood3x1rb_png">
            <summary> Path to Content/Assets/Breakables/wood3x1rb.png </summary>
        </member>
        <member name="F:SuperSlingshot.WaveContent.Assets.Breakables.wood3x2r_png">
            <summary> Path to Content/Assets/Breakables/wood3x2r.png </summary>
        </member>
        <member name="F:SuperSlingshot.WaveContent.Assets.Breakables.wood3x2rb_png">
            <summary> Path to Content/Assets/Breakables/wood3x2rb.png </summary>
        </member>
        <member name="F:SuperSlingshot.WaveContent.Assets.Fonts.Komika_Axis_36_ttf">
            <summary> Path to Content/Assets/Fonts/Komika Axis_36.ttf </summary>
        </member>
        <member name="F:SuperSlingshot.WaveContent.Assets.Fonts.sketches_36_ttf">
            <summary> Path to Content/Assets/Fonts/sketches_36.ttf </summary>
        </member>
        <member name="F:SuperSlingshot.WaveContent.Assets.Fonts.sketches_48_ttf">
            <summary> Path to Content/Assets/Fonts/sketches_48.ttf </summary>
        </member>
        <member name="F:SuperSlingshot.WaveContent.Assets.Gui.buttons_placeholder_png">
            <summary> Path to Content/Assets/Gui/buttons_placeholder.png </summary>
        </member>
        <member name="F:SuperSlingshot.WaveContent.Assets.Gui.button_blocked_png">
            <summary> Path to Content/Assets/Gui/button_blocked.png </summary>
        </member>
        <member name="F:SuperSlingshot.WaveContent.Assets.Gui.button_click_png">
            <summary> Path to Content/Assets/Gui/button_click.png </summary>
        </member>
        <member name="F:SuperSlingshot.WaveContent.Assets.Gui.button_hover_png">
            <summary> Path to Content/Assets/Gui/button_hover.png </summary>
        </member>
        <member name="F:SuperSlingshot.WaveContent.Assets.Gui.button_normal_png">
            <summary> Path to Content/Assets/Gui/button_normal.png </summary>
        </member>
        <member name="F:SuperSlingshot.WaveContent.Assets.Gui.coin_png">
            <summary> Path to Content/Assets/Gui/coin.png </summary>
        </member>
        <member name="F:SuperSlingshot.WaveContent.Assets.Gui.congrats_png">
            <summary> Path to Content/Assets/Gui/congrats.png </summary>
        </member>
        <member name="F:SuperSlingshot.WaveContent.Assets.Gui.crown_png">
            <summary> Path to Content/Assets/Gui/crown.png </summary>
        </member>
        <member name="F:SuperSlingshot.WaveContent.Assets.Gui.gem_png">
            <summary> Path to Content/Assets/Gui/gem.png </summary>
        </member>
        <member name="F:SuperSlingshot.WaveContent.Assets.Gui.home_small_button_blocked_png">
            <summary> Path to Content/Assets/Gui/home_small_button_blocked.png </summary>
        </member>
        <member name="F:SuperSlingshot.WaveContent.Assets.Gui.home_small_button_click_png">
            <summary> Path to Content/Assets/Gui/home_small_button_click.png </summary>
        </member>
        <member name="F:SuperSlingshot.WaveContent.Assets.Gui.home_small_button_hover_png">
            <summary> Path to Content/Assets/Gui/home_small_button_hover.png </summary>
        </member>
        <member name="F:SuperSlingshot.WaveContent.Assets.Gui.home_small_button_normal_png">
            <summary> Path to Content/Assets/Gui/home_small_button_normal.png </summary>
        </member>
        <member name="F:SuperSlingshot.WaveContent.Assets.Gui.menu_background_9_png">
            <summary> Path to Content/Assets/Gui/menu_background.9.png </summary>
        </member>
        <member name="F:SuperSlingshot.WaveContent.Assets.Gui.menu_header_9_png">
            <summary> Path to Content/Assets/Gui/menu_header.9.png </summary>
        </member>
        <member name="F:SuperSlingshot.WaveContent.Assets.Gui.menu_small_button_blocked_png">
            <summary> Path to Content/Assets/Gui/menu_small_button_blocked.png </summary>
        </member>
        <member name="F:SuperSlingshot.WaveContent.Assets.Gui.menu_small_button_click_png">
            <summary> Path to Content/Assets/Gui/menu_small_button_click.png </summary>
        </member>
        <member name="F:SuperSlingshot.WaveContent.Assets.Gui.menu_small_button_hover_png">
            <summary> Path to Content/Assets/Gui/menu_small_button_hover.png </summary>
        </member>
        <member name="F:SuperSlingshot.WaveContent.Assets.Gui.menu_small_button_normal_png">
            <summary> Path to Content/Assets/Gui/menu_small_button_normal.png </summary>
        </member>
        <member name="F:SuperSlingshot.WaveContent.Assets.Gui.next_small_button_blocked_png">
            <summary> Path to Content/Assets/Gui/next_small_button_blocked.png </summary>
        </member>
        <member name="F:SuperSlingshot.WaveContent.Assets.Gui.next_small_button_click_png">
            <summary> Path to Content/Assets/Gui/next_small_button_click.png </summary>
        </member>
        <member name="F:SuperSlingshot.WaveContent.Assets.Gui.next_small_button_hover_png">
            <summary> Path to Content/Assets/Gui/next_small_button_hover.png </summary>
        </member>
        <member name="F:SuperSlingshot.WaveContent.Assets.Gui.next_small_button_normal_png">
            <summary> Path to Content/Assets/Gui/next_small_button_normal.png </summary>
        </member>
        <member name="F:SuperSlingshot.WaveContent.Assets.Gui.play_small_button_blocked_png">
            <summary> Path to Content/Assets/Gui/play_small_button_blocked.png </summary>
        </member>
        <member name="F:SuperSlingshot.WaveContent.Assets.Gui.play_small_button_click_png">
            <summary> Path to Content/Assets/Gui/play_small_button_click.png </summary>
        </member>
        <member name="F:SuperSlingshot.WaveContent.Assets.Gui.play_small_button_hover_png">
            <summary> Path to Content/Assets/Gui/play_small_button_hover.png </summary>
        </member>
        <member name="F:SuperSlingshot.WaveContent.Assets.Gui.play_small_button_normal_png">
            <summary> Path to Content/Assets/Gui/play_small_button_normal.png </summary>
        </member>
        <member name="F:SuperSlingshot.WaveContent.Assets.Gui.replay_small_button_blocked_png">
            <summary> Path to Content/Assets/Gui/replay_small_button_blocked.png </summary>
        </member>
        <member name="F:SuperSlingshot.WaveContent.Assets.Gui.replay_small_button_click_png">
            <summary> Path to Content/Assets/Gui/replay_small_button_click.png </summary>
        </member>
        <member name="F:SuperSlingshot.WaveContent.Assets.Gui.replay_small_button_hover_png">
            <summary> Path to Content/Assets/Gui/replay_small_button_hover.png </summary>
        </member>
        <member name="F:SuperSlingshot.WaveContent.Assets.Gui.replay_small_button_normal_png">
            <summary> Path to Content/Assets/Gui/replay_small_button_normal.png </summary>
        </member>
        <member name="F:SuperSlingshot.WaveContent.Assets.Gui.score_paceholder_png">
            <summary> Path to Content/Assets/Gui/score_paceholder.png </summary>
        </member>
        <member name="F:SuperSlingshot.WaveContent.Assets.Gui.small_button_blocked_png">
            <summary> Path to Content/Assets/Gui/small_button_blocked.png </summary>
        </member>
        <member name="F:SuperSlingshot.WaveContent.Assets.Gui.small_button_click_png">
            <summary> Path to Content/Assets/Gui/small_button_click.png </summary>
        </member>
        <member name="F:SuperSlingshot.WaveContent.Assets.Gui.small_button_hover_png">
            <summary> Path to Content/Assets/Gui/small_button_hover.png </summary>
        </member>
        <member name="F:SuperSlingshot.WaveContent.Assets.Gui.small_button_normal_png">
            <summary> Path to Content/Assets/Gui/small_button_normal.png </summary>
        </member>
        <member name="F:SuperSlingshot.WaveContent.Assets.Gui.star_png">
            <summary> Path to Content/Assets/Gui/star.png </summary>
        </member>
        <member name="F:SuperSlingshot.WaveContent.Assets.Gui.star_placeholder_png">
            <summary> Path to Content/Assets/Gui/star_placeholder.png </summary>
        </member>
        <member name="F:SuperSlingshot.WaveContent.Assets.Other.cloud1_png">
            <summary> Path to Content/Assets/Other/cloud1.png </summary>
        </member>
        <member name="F:SuperSlingshot.WaveContent.Assets.Other.cloud2_png">
            <summary> Path to Content/Assets/Other/cloud2.png </summary>
        </member>
        <member name="F:SuperSlingshot.WaveContent.Assets.Other.cloud3_png">
            <summary> Path to Content/Assets/Other/cloud3.png </summary>
        </member>
        <member name="F:SuperSlingshot.WaveContent.Assets.Other.cloud4_png">
            <summary> Path to Content/Assets/Other/cloud4.png </summary>
        </member>
        <member name="F:SuperSlingshot.WaveContent.Assets.Other.cloud5_png">
            <summary> Path to Content/Assets/Other/cloud5.png </summary>
        </member>
        <member name="F:SuperSlingshot.WaveContent.Assets.Other.cloud6_png">
            <summary> Path to Content/Assets/Other/cloud6.png </summary>
        </member>
        <member name="F:SuperSlingshot.WaveContent.Assets.Other.cloud7_png">
            <summary> Path to Content/Assets/Other/cloud7.png </summary>
        </member>
        <member name="F:SuperSlingshot.WaveContent.Assets.Other.crate_png">
            <summary> Path to Content/Assets/Other/crate.png </summary>
        </member>
        <member name="F:SuperSlingshot.WaveContent.Assets.Other.particle1_png">
            <summary> Path to Content/Assets/Other/particle1.png </summary>
        </member>
        <member name="F:SuperSlingshot.WaveContent.Assets.Other.snowparticle_png">
            <summary> Path to Content/Assets/Other/snowparticle.png </summary>
        </member>
        <member name="F:SuperSlingshot.WaveContent.Assets.Sounds.backgroundmusic_mp3">
            <summary> Path to Content/Assets/Sounds/backgroundmusic.mp3 </summary>
        </member>
        <member name="F:SuperSlingshot.WaveContent.Assets.Sounds.Crash_wav">
            <summary> Path to Content/Assets/Sounds/Crash.wav </summary>
        </member>
        <member name="F:SuperSlingshot.WaveContent.Assets.Sounds.Launch_wav">
            <summary> Path to Content/Assets/Sounds/Launch.wav </summary>
        </member>
        <member name="F:SuperSlingshot.WaveContent.Assets.Sounds.Rubber_wav">
            <summary> Path to Content/Assets/Sounds/Rubber.wav </summary>
        </member>
        <member name="F:SuperSlingshot.WaveContent.Assets.Stones.Barney_png">
            <summary> Path to Content/Assets/Stones/Barney.png </summary>
        </member>
        <member name="F:SuperSlingshot.WaveContent.Assets.Stones.Farley_png">
            <summary> Path to Content/Assets/Stones/Farley.png </summary>
        </member>
        <member name="F:SuperSlingshot.WaveContent.Assets.Stones.InTheAir_png">
            <summary> Path to Content/Assets/Stones/InTheAir.png </summary>
        </member>
        <member name="F:SuperSlingshot.WaveContent.Assets.Stones.Prepared_png">
            <summary> Path to Content/Assets/Stones/Prepared.png </summary>
        </member>
        <member name="F:SuperSlingshot.WaveContent.Assets.Stones.Puddin_png">
            <summary> Path to Content/Assets/Stones/Puddin.png </summary>
        </member>
        <member name="F:SuperSlingshot.WaveContent.Assets.Stones.Stamped_png">
            <summary> Path to Content/Assets/Stones/Stamped.png </summary>
        </member>
        <member name="F:SuperSlingshot.WaveContent.Assets.Tiles.desert_adorners_png">
            <summary> Path to Content/Assets/Tiles/desert adorners.png </summary>
        </member>
        <member name="F:SuperSlingshot.WaveContent.Assets.Tiles.desert_background_png">
            <summary> Path to Content/Assets/Tiles/desert background.png </summary>
        </member>
        <member name="F:SuperSlingshot.WaveContent.Assets.Tiles.desert_small_png">
            <summary> Path to Content/Assets/Tiles/desert small.png </summary>
        </member>
        <member name="F:SuperSlingshot.WaveContent.Assets.Tiles.desert_png">
            <summary> Path to Content/Assets/Tiles/desert.png </summary>
        </member>
        <member name="F:SuperSlingshot.WaveContent.Assets.Tiles.grass_png">
            <summary> Path to Content/Assets/Tiles/grass.png </summary>
        </member>
        <member name="F:SuperSlingshot.WaveContent.Assets.Tiles.halloween_background_png">
            <summary> Path to Content/Assets/Tiles/halloween background.png </summary>
        </member>
        <member name="F:SuperSlingshot.WaveContent.Assets.Tiles.halloween_png">
            <summary> Path to Content/Assets/Tiles/halloween.png </summary>
        </member>
        <member name="F:SuperSlingshot.WaveContent.Assets.Tiles.initial_background_png">
            <summary> Path to Content/Assets/Tiles/initial background.png </summary>
        </member>
        <member name="F:SuperSlingshot.WaveContent.Assets.Tiles.Initial_tmx">
            <summary> Path to Content/Assets/Tiles/Initial.tmx </summary>
        </member>
        <member name="F:SuperSlingshot.WaveContent.Assets.Tiles.initialAssets_png">
            <summary> Path to Content/Assets/Tiles/initialAssets.png </summary>
        </member>
        <member name="F:SuperSlingshot.WaveContent.Assets.Tiles.Level1_tmx">
            <summary> Path to Content/Assets/Tiles/Level1.tmx </summary>
        </member>
        <member name="F:SuperSlingshot.WaveContent.Assets.Tiles.Level2_tmx">
            <summary> Path to Content/Assets/Tiles/Level2.tmx </summary>
        </member>
        <member name="F:SuperSlingshot.WaveContent.Assets.Tiles.Level3_tmx">
            <summary> Path to Content/Assets/Tiles/Level3.tmx </summary>
        </member>
        <member name="F:SuperSlingshot.WaveContent.Assets.Tiles.Level4_tmx">
            <summary> Path to Content/Assets/Tiles/Level4.tmx </summary>
        </member>
        <member name="F:SuperSlingshot.WaveContent.Assets.Tiles.SlingShot2A_png">
            <summary> Path to Content/Assets/Tiles/SlingShot2A.png </summary>
        </member>
        <member name="F:SuperSlingshot.WaveContent.Assets.Tiles.SlingShot2B_png">
            <summary> Path to Content/Assets/Tiles/SlingShot2B.png </summary>
        </member>
        <member name="F:SuperSlingshot.WaveContent.Assets.Tiles.SlingShotA_png">
            <summary> Path to Content/Assets/Tiles/SlingShotA.png </summary>
        </member>
        <member name="F:SuperSlingshot.WaveContent.Assets.Tiles.SlingShotB_png">
            <summary> Path to Content/Assets/Tiles/SlingShotB.png </summary>
        </member>
        <member name="F:SuperSlingshot.WaveContent.Assets.Tiles.snow_back_adorners_png">
            <summary> Path to Content/Assets/Tiles/snow back adorners.png </summary>
        </member>
        <member name="F:SuperSlingshot.WaveContent.Assets.Tiles.snow_background_png">
            <summary> Path to Content/Assets/Tiles/snow background.png </summary>
        </member>
        <member name="F:SuperSlingshot.WaveContent.Assets.Tiles.snow_front_adorners_png">
            <summary> Path to Content/Assets/Tiles/snow front adorners.png </summary>
        </member>
        <member name="F:SuperSlingshot.WaveContent.Assets.Tiles.snow_png">
            <summary> Path to Content/Assets/Tiles/snow.png </summary>
        </member>
        <member name="F:SuperSlingshot.WaveContent.Prefabs.menuButton">
            <summary> Path to Content/Prefabs/menuButton.wpref </summary>
        </member>
        <member name="F:SuperSlingshot.WaveContent.Prefabs.menuScoreButton">
            <summary> Path to Content/Prefabs/menuScoreButton.wpref </summary>
        </member>
        <member name="F:SuperSlingshot.WaveContent.Prefabs.menuSmallButton">
            <summary> Path to Content/Prefabs/menuSmallButton.wpref </summary>
        </member>
        <member name="F:SuperSlingshot.WaveContent.Prefabs.star">
            <summary> Path to Content/Prefabs/star.wpref </summary>
        </member>
        <member name="F:SuperSlingshot.WaveContent.Prefabs.wc1x1">
            <summary> Path to Content/Prefabs/wc1x1.wpref </summary>
        </member>
        <member name="F:SuperSlingshot.WaveContent.Prefabs.wr1x1">
            <summary> Path to Content/Prefabs/wr1x1.wpref </summary>
        </member>
        <member name="F:SuperSlingshot.WaveContent.Prefabs.wr1x2">
            <summary> Path to Content/Prefabs/wr1x2.wpref </summary>
        </member>
        <member name="F:SuperSlingshot.WaveContent.Prefabs.wr1x3">
            <summary> Path to Content/Prefabs/wr1x3.wpref </summary>
        </member>
        <member name="F:SuperSlingshot.WaveContent.Prefabs.wr2x1">
            <summary> Path to Content/Prefabs/wr2x1.wpref </summary>
        </member>
        <member name="F:SuperSlingshot.WaveContent.Prefabs.wr2x2">
            <summary> Path to Content/Prefabs/wr2x2.wpref </summary>
        </member>
        <member name="F:SuperSlingshot.WaveContent.Prefabs.wr2x3">
            <summary> Path to Content/Prefabs/wr2x3.wpref </summary>
        </member>
        <member name="F:SuperSlingshot.WaveContent.Prefabs.wr3x1">
            <summary> Path to Content/Prefabs/wr3x1.wpref </summary>
        </member>
        <member name="F:SuperSlingshot.WaveContent.Prefabs.wr3x2">
            <summary> Path to Content/Prefabs/wr3x2.wpref </summary>
        </member>
        <member name="F:SuperSlingshot.WaveContent.Prefabs.wt1x1">
            <summary> Path to Content/Prefabs/wt1x1.wpref </summary>
        </member>
        <member name="F:SuperSlingshot.WaveContent.Prefabs.wt2x1">
            <summary> Path to Content/Prefabs/wt2x1.wpref </summary>
        </member>
        <member name="F:SuperSlingshot.WaveContent.Prefabs.Boulders.Barney">
            <summary> Path to Content/Prefabs/Boulders/Barney.wpref </summary>
        </member>
        <member name="F:SuperSlingshot.WaveContent.Prefabs.Boulders.Farney">
            <summary> Path to Content/Prefabs/Boulders/Farney.wpref </summary>
        </member>
        <member name="F:SuperSlingshot.WaveContent.Prefabs.Boulders.Puddin">
            <summary> Path to Content/Prefabs/Boulders/Puddin.wpref </summary>
        </member>
        <member name="F:SuperSlingshot.WaveContent.Prefabs.Elements.cloud01">
            <summary> Path to Content/Prefabs/Elements/cloud01.wpref </summary>
        </member>
        <member name="F:SuperSlingshot.WaveContent.Prefabs.Elements.cloud02">
            <summary> Path to Content/Prefabs/Elements/cloud02.wpref </summary>
        </member>
        <member name="F:SuperSlingshot.WaveContent.Prefabs.Elements.cloud03">
            <summary> Path to Content/Prefabs/Elements/cloud03.wpref </summary>
        </member>
        <member name="F:SuperSlingshot.WaveContent.Scenes.InitialScene">
            <summary> Path to Content/Scenes/InitialScene.wscene </summary>
        </member>
        <member name="F:SuperSlingshot.WaveContent.Scenes.LevelSelectionScene">
            <summary> Path to Content/Scenes/LevelSelectionScene.wscene </summary>
        </member>
        <member name="F:SuperSlingshot.WaveContent.Scenes.MenuScene">
            <summary> Path to Content/Scenes/MenuScene.wscene </summary>
        </member>
        <member name="F:SuperSlingshot.WaveContent.Scenes.ScoreScene">
            <summary> Path to Content/Scenes/ScoreScene.wscene </summary>
        </member>
        <member name="F:SuperSlingshot.WaveContent.Scenes.Backgrounds.Background1">
            <summary> Path to Content/Scenes/Backgrounds/Background1.wscene </summary>
        </member>
        <member name="F:SuperSlingshot.WaveContent.Scenes.Foregrounds.FrontScene">
            <summary> Path to Content/Scenes/Foregrounds/FrontScene.wscene </summary>
        </member>
        <member name="F:SuperSlingshot.WaveContent.Scenes.Levels.Level1">
            <summary> Path to Content/Scenes/Levels/Level1.wscene </summary>
        </member>
        <member name="F:SuperSlingshot.WaveContent.Scenes.Levels.Level2">
            <summary> Path to Content/Scenes/Levels/Level2.wscene </summary>
        </member>
        <member name="F:SuperSlingshot.WaveContent.Scenes.Levels.Level3">
            <summary> Path to Content/Scenes/Levels/Level3.wscene </summary>
        </member>
        <member name="F:SuperSlingshot.WaveContent.Scenes.Levels.Level4">
            <summary> Path to Content/Scenes/Levels/Level4.wscene </summary>
        </member>
        <member name="F:SuperSlingshot.WaveContent.Scenes.Levels.TestLevel">
            <summary> Path to Content/Scenes/Levels/TestLevel.wscene </summary>
        </member>
        <member name="F:SuperSlingshot.WaveContent.Materials.BackgroundMenuMaterial">
            <summary> Path to Content/Materials/BackgroundMenuMaterial.wmat </summary>
        </member>
        <member name="F:SuperSlingshot.WaveContent.Materials.ElasticMaterial">
            <summary> Path to Content/Materials/ElasticMaterial.wmat </summary>
        </member>
        <member name="F:SuperSlingshot.WaveContent.Materials.SmokeMaterial">
            <summary> Path to Content/Materials/SmokeMaterial.wmat </summary>
        </member>
        <member name="F:SuperSlingshot.WaveContent.Materials.SnowMaterial">
            <summary> Path to Content/Materials/SnowMaterial.wmat </summary>
        </member>
        <member name="F:SuperSlingshot.WaveContent.Materials.TrajectoryMaterial">
            <summary> Path to Content/Materials/TrajectoryMaterial.wmat </summary>
        </member>
        <member name="T:SlingshotRampage.Services.AudioService">
            <summary>
            Audio Service class.
            </summary>
        </member>
        <member name="P:SlingshotRampage.Services.AudioService.MusicVolume">
            <summary>
            Gets the music volume.
            </summary>
        </member>
        <member name="P:SlingshotRampage.Services.AudioService.MuteMusic">
            <summary>
            Gets or sets a value indicating whether [mute music].
            </summary>
        </member>
        <member name="P:SlingshotRampage.Services.AudioService.MuteSFX">
            <summary>
            Gets or sets a value indicating whether [mute SFX].
            </summary>
        </member>
        <member name="M:SlingshotRampage.Services.AudioService.Initialize">
            <summary>
            Initializes a new instance of the <see cref="!:SoundsManager" /> class.
            </summary>
        </member>
        <member name="M:SlingshotRampage.Services.AudioService.Load(System.Enum,WaveEngine.Framework.Sound.SoundInfo[]@)">
            <summary>
            Loads the sound.
            </summary>
            <param name="sound">The sound.</param>
            <param name="file">The file.</param>
        </member>
        <member name="M:SlingshotRampage.Services.AudioService.GetSoundOrMusicPath(System.Enum)">
            <summary>
            Resolve paths
            </summary>
            <param name="audio"></param>
            <returns></returns>
        </member>
        <member name="M:SlingshotRampage.Services.AudioService.LoadAllSounds">
            <summary>
            Loads all sounds.
            </summary>
        </member>
        <member name="M:SlingshotRampage.Services.AudioService.Play(SlingshotRampage.Services.Audio.Sfx,System.Boolean)">
            <summary>
            Plays the sound.
            </summary>
            <param name="sound">The sound.</param>
            <param name="volume">The volume.</param>
            <param name="loop">if set to <c>true</c> [loop].</param>
            <returns></returns>
        </member>
        <member name="M:SlingshotRampage.Services.AudioService.InternalPlaySound(System.Enum,System.Boolean)">
            <summary>
            Internals the play sound.
            </summary>
            <param name="sound">The sound.</param>
            <param name="loop">if set to <c>true</c> [loop].</param>
            <returns></returns>
        </member>
        <member name="M:SlingshotRampage.Services.AudioService.Play(SlingshotRampage.Services.Audio.Music,System.Single)">
            <summary>
            Plays the specified music.
            </summary>
            <param name="music">The music.</param>
        </member>
        <member name="M:SlingshotRampage.Services.AudioService.Terminate">
            <summary>
            Terminates this instance.
            </summary>
        </member>
        <member name="M:SlingshotRampage.Services.AudioService.Update(System.TimeSpan)">
            <summary>
            Updates the specified game time.
            </summary>
            <param name="gameTime">The game time.</param>
        </member>
    </members>
</doc>
