<?xml version="1.0"?>
<doc>
    <assembly>
        <name>WaveEngine.TiledMap</name>
    </assembly>
    <members>
        <member name="T:WaveEngine.TiledMap.LayerTile">
            <summary>
            Represent a single Tile in a Layer
            </summary>
        </member>
        <member name="P:WaveEngine.TiledMap.LayerTile.Id">
            <summary>
            Gets the tile ID.
            </summary>
        </member>
        <member name="P:WaveEngine.TiledMap.LayerTile.X">
            <summary>
            The X coordinate of the Tile.
            </summary>
        </member>
        <member name="P:WaveEngine.TiledMap.LayerTile.Y">
            <summary>
            The Y coordinate of the Tile.
            </summary>
        </member>
        <member name="P:WaveEngine.TiledMap.LayerTile.HorizontalFlip">
            <summary>
            The tile has Horizontal Flip
            </summary>
        </member>
        <member name="P:WaveEngine.TiledMap.LayerTile.VerticalFlip">
            <summary>
            The tile has Vertical Flip
            </summary>
        </member>
        <member name="P:WaveEngine.TiledMap.LayerTile.DiagonalFlip">
            <summary>
            The tile has Diagonal Flip
            </summary>
        </member>
        <member name="P:WaveEngine.TiledMap.LayerTile.Tileset">
            <summary>
            Gets the associated tileset
            </summary>
        </member>
        <member name="P:WaveEngine.TiledMap.LayerTile.TilesetTile">
            <summary>
            Gets the tileset tile
            </summary>
        </member>
        <member name="P:WaveEngine.TiledMap.LayerTile.LocalPosition">
            <summary>
            Gets the tile local position
            </summary>
        </member>
        <member name="M:WaveEngine.TiledMap.LayerTile.#ctor(TiledSharp.TmxLayerTile,WaveEngine.TiledMap.Tileset)">
            <summary>
            Initializes a new instance of the <see cref="T:WaveEngine.TiledMap.LayerTile" /> class.
            </summary>>
            <param name="tmxTile">The TMX parsed tile.</param>
            <param name="tileset">Th</param>
        </member>
        <member name="M:WaveEngine.TiledMap.LayerTile.ToString">
            <summary>
            Returns a <see cref="T:System.String" /> that represents this instance.
            </summary>
            <returns>
            A <see cref="T:System.String" /> that represents this instance.
            </returns>
        </member>
        <member name="M:WaveEngine.TiledMap.IsometricNeighbours.#ctor(WaveEngine.TiledMap.TiledMapLayer,WaveEngine.TiledMap.LayerTile)">
            <summary>
            Initializes a new instance of the <see cref="T:WaveEngine.TiledMap.IsometricNeighbours"/> class.
            </summary>
            <param name="tileMapLayer">The tile map layer.</param>
            <param name="center">The center.</param>
        </member>
        <member name="P:WaveEngine.TiledMap.OrthogonalNeighbours.Top">
            <summary>
            Gets the top neighbour.
            </summary>
            <value>
            The top neighbour.
            </value>
        </member>
        <member name="P:WaveEngine.TiledMap.OrthogonalNeighbours.TopRight">
            <summary>
            Gets the top right neighbour.
            </summary>
            <value>
            The top right neighbour.
            </value>
        </member>
        <member name="P:WaveEngine.TiledMap.OrthogonalNeighbours.Right">
            <summary>
            Gets the right neighbour.
            </summary>
            <value>
            The right neighbour.
            </value>
        </member>
        <member name="P:WaveEngine.TiledMap.OrthogonalNeighbours.BottomRight">
            <summary>
            Gets the bottom right neighbour.
            </summary>
            <value>
            The bottom right neighbour.
            </value>
        </member>
        <member name="P:WaveEngine.TiledMap.OrthogonalNeighbours.Bottom">
            <summary>
            Gets the bottom neighbour.
            </summary>
            <value>
            The bottom neighbour.
            </value>
        </member>
        <member name="P:WaveEngine.TiledMap.OrthogonalNeighbours.BottomLeft">
            <summary>
            Gets the bottom left neighbour.
            </summary>
            <value>
            The bottom left neighbour.
            </value>
        </member>
        <member name="P:WaveEngine.TiledMap.OrthogonalNeighbours.Left">
            <summary>
            Gets the left neighbour.
            </summary>
            <value>
            The left neighbour.
            </value>
        </member>
        <member name="P:WaveEngine.TiledMap.OrthogonalNeighbours.TopLeft">
            <summary>
            Gets the top left neighbour.
            </summary>
            <value>
            The top left neighbour.
            </value>
        </member>
        <member name="M:WaveEngine.TiledMap.OrthogonalNeighbours.#ctor(WaveEngine.TiledMap.TiledMapLayer,WaveEngine.TiledMap.LayerTile)">
            <summary>
            Initializes a new instance of the <see cref="T:WaveEngine.TiledMap.OrthogonalNeighbours"/> class.
            </summary>
            <param name="tileMapLayer">The tile map layer.</param>
            <param name="center">The center.</param>
        </member>
        <member name="F:WaveEngine.TiledMap.StaggeredNeighbours.staggerAxis">
            <summary>
            The stagger axis
            </summary>
        </member>
        <member name="F:WaveEngine.TiledMap.StaggeredNeighbours.staggerIndex">
            <summary>
            The stagger index
            </summary>
        </member>
        <member name="P:WaveEngine.TiledMap.StaggeredNeighbours.Top">
            <summary>
            Gets the top neighbour.
            </summary>
            <value>
            The top neighbour.
            </value>
        </member>
        <member name="P:WaveEngine.TiledMap.StaggeredNeighbours.TopRight">
            <summary>
            Gets the top right neighbour.
            </summary>
            <value>
            The top right neighbour.
            </value>
        </member>
        <member name="P:WaveEngine.TiledMap.StaggeredNeighbours.Right">
            <summary>
            Gets the right neighbour.
            </summary>
            <value>
            The right neighbour.
            </value>
        </member>
        <member name="P:WaveEngine.TiledMap.StaggeredNeighbours.BottomRight">
            <summary>
            Gets the bottom right neighbour.
            </summary>
            <value>
            The bottom right neighbour.
            </value>
        </member>
        <member name="P:WaveEngine.TiledMap.StaggeredNeighbours.Bottom">
            <summary>
            Gets the bottom neighbour.
            </summary>
            <value>
            The bottom neighbour.
            </value>
        </member>
        <member name="P:WaveEngine.TiledMap.StaggeredNeighbours.BottomLeft">
            <summary>
            Gets the bottom left neighbour.
            </summary>
            <value>
            The bottom left neighbour.
            </value>
        </member>
        <member name="P:WaveEngine.TiledMap.StaggeredNeighbours.Left">
            <summary>
            Gets the left neighbour.
            </summary>
            <value>
            The left neighbour.
            </value>
        </member>
        <member name="P:WaveEngine.TiledMap.StaggeredNeighbours.TopLeft">
            <summary>
            Gets the top left neighbour.
            </summary>
            <value>
            The top left neighbour.
            </value>
        </member>
        <member name="M:WaveEngine.TiledMap.StaggeredNeighbours.#ctor(WaveEngine.TiledMap.TiledMapLayer,WaveEngine.TiledMap.LayerTile,WaveEngine.TiledMap.TiledMapStaggerAxisType,WaveEngine.TiledMap.TiledMapStaggerIndexType)">
            <summary>
            Initializes a new instance of the <see cref="T:WaveEngine.TiledMap.StaggeredNeighbours"/> class.
            </summary>
            <param name="tileMapLayer">The tile map layer.</param>
            <param name="center">The center.</param>
            <param name="staggerAxis">The stagger axis.</param>
            <param name="staggerIndex">Index of the stagger.</param>
        </member>
        <member name="F:WaveEngine.TiledMap.HexagonalNeighbours.staggerAxis">
            <summary>
            The stagger axis
            </summary>
        </member>
        <member name="F:WaveEngine.TiledMap.HexagonalNeighbours.staggerIndex">
            <summary>
            The stagger index
            </summary>
        </member>
        <member name="P:WaveEngine.TiledMap.HexagonalNeighbours.Top">
            <summary>
            Gets the top neighbour.
            </summary>
            <value>
            The top neighbour.
            </value>
        </member>
        <member name="P:WaveEngine.TiledMap.HexagonalNeighbours.TopRight">
            <summary>
            Gets the top right neighbour.
            </summary>
            <value>
            The top right neighbour.
            </value>
        </member>
        <member name="P:WaveEngine.TiledMap.HexagonalNeighbours.Right">
            <summary>
            Gets the right neighbour.
            </summary>
            <value>
            The right neighbour.
            </value>
        </member>
        <member name="P:WaveEngine.TiledMap.HexagonalNeighbours.BottomRight">
            <summary>
            Gets the bottom right neighbour.
            </summary>
            <value>
            The bottom right neighbour.
            </value>
        </member>
        <member name="P:WaveEngine.TiledMap.HexagonalNeighbours.Bottom">
            <summary>
            Gets the bottom neighbour.
            </summary>
            <value>
            The bottom neighbour.
            </value>
        </member>
        <member name="P:WaveEngine.TiledMap.HexagonalNeighbours.BottomLeft">
            <summary>
            Gets the bottom left neighbour.
            </summary>
            <value>
            The bottom left neighbour.
            </value>
        </member>
        <member name="P:WaveEngine.TiledMap.HexagonalNeighbours.Left">
            <summary>
            Gets the left neighbour.
            </summary>
            <value>
            The left neighbour.
            </value>
        </member>
        <member name="P:WaveEngine.TiledMap.HexagonalNeighbours.TopLeft">
            <summary>
            Gets the top left neighbour.
            </summary>
            <value>
            The top left neighbour.
            </value>
        </member>
        <member name="M:WaveEngine.TiledMap.HexagonalNeighbours.#ctor(WaveEngine.TiledMap.TiledMapLayer,WaveEngine.TiledMap.LayerTile,WaveEngine.TiledMap.TiledMapStaggerAxisType,WaveEngine.TiledMap.TiledMapStaggerIndexType)">
            <summary>
            Initializes a new instance of the <see cref="T:WaveEngine.TiledMap.HexagonalNeighbours"/> class.
            </summary>
            <param name="tileMapLayer">The tile map layer.</param>
            <param name="center">The center.</param>
            <param name="staggerAxis">The stagger axis.</param>
            <param name="staggerIndex">Index of the stagger.</param>
        </member>
        <member name="F:WaveEngine.TiledMap.NeighboursCollection.tileMapLayer">
            <summary>
            The tile map layer
            </summary>
        </member>
        <member name="F:WaveEngine.TiledMap.NeighboursCollection.center">
            <summary>
            The center
            </summary>
        </member>
        <member name="P:WaveEngine.TiledMap.NeighboursCollection.Top">
            <summary>
            Gets the top neighbour.
            </summary>
            <value>
            The top neighbour.
            </value>
        </member>
        <member name="P:WaveEngine.TiledMap.NeighboursCollection.TopRight">
            <summary>
            Gets the top right neighbour.
            </summary>
            <value>
            The top right neighbour.
            </value>
        </member>
        <member name="P:WaveEngine.TiledMap.NeighboursCollection.Right">
            <summary>
            Gets the right neighbour.
            </summary>
            <value>
            The right neighbour.
            </value>
        </member>
        <member name="P:WaveEngine.TiledMap.NeighboursCollection.BottomRight">
            <summary>
            Gets the bottom right neighbour.
            </summary>
            <value>
            The bottom right neighbour.
            </value>
        </member>
        <member name="P:WaveEngine.TiledMap.NeighboursCollection.Bottom">
            <summary>
            Gets the bottom neighbour.
            </summary>
            <value>
            The bottom neighbour.
            </value>
        </member>
        <member name="P:WaveEngine.TiledMap.NeighboursCollection.BottomLeft">
            <summary>
            Gets the bottom left neighbour.
            </summary>
            <value>
            The bottom left neighbour.
            </value>
        </member>
        <member name="P:WaveEngine.TiledMap.NeighboursCollection.Left">
            <summary>
            Gets the left neighbour.
            </summary>
            <value>
            The left neighbour.
            </value>
        </member>
        <member name="P:WaveEngine.TiledMap.NeighboursCollection.TopLeft">
            <summary>
            Gets the top left neighbour.
            </summary>
            <value>
            The top left neighbour.
            </value>
        </member>
        <member name="P:WaveEngine.TiledMap.NeighboursCollection.Item(System.Int32)">
            <summary>
            Gets the <see cref="T:WaveEngine.TiledMap.LayerTile"/> neighbour at the specified index. Starting from top neighbour in clockwise order.
            </summary>
            <value>
            The <see cref="T:WaveEngine.TiledMap.LayerTile"/>.
            </value>
            <param name="index">The index.</param>
            <returns>Neighbour at the specified index. Starting from top neighbour in clockwise order.</returns>
        </member>
        <member name="M:WaveEngine.TiledMap.NeighboursCollection.#ctor(WaveEngine.TiledMap.TiledMapLayer,WaveEngine.TiledMap.LayerTile)">
            <summary>
            Initializes a new instance of the <see cref="T:WaveEngine.TiledMap.NeighboursCollection"/> class.
            </summary>
            <param name="tileMapLayer">The tile map layer.</param>
            <param name="center">The tile reference (center).</param>
        </member>
        <member name="M:WaveEngine.TiledMap.NeighboursCollection.GetEnumerator">
            <summary>
            Gets the enumerator.
            </summary>
            <returns></returns>
        </member>
        <member name="M:WaveEngine.TiledMap.NeighboursCollection.System#Collections#IEnumerable#GetEnumerator">
            <summary>
            Gets the enumerator.
            </summary>
            <returns></returns>
        </member>
        <member name="T:WaveEngine.TiledMap.TiledMap">
            <summary>
            Load and store all information concerning Tiled Maps (.TMX) files. To create/edit .tmx files you need to use Tiled Map Editor (http://www.mapeditor.org/)
            </summary>
        </member>
        <member name="F:WaveEngine.TiledMap.TiledMap.transform">
            <summary>
            The transform 2D
            </summary>
        </member>
        <member name="F:WaveEngine.TiledMap.TiledMap.tmxPath">
            <summary>
            The tmx file path
            </summary>
        </member>
        <member name="F:WaveEngine.TiledMap.TiledMap.tmxStream">
            <summary>
            The tmx stream
            </summary>
        </member>
        <member name="F:WaveEngine.TiledMap.TiledMap.tmxStreamAssetsPath">
            <summary>
            The tmx stream assets path (used with tmxStream)
            </summary>
        </member>
        <member name="F:WaveEngine.TiledMap.TiledMap.TmxMap">
            <summary>
            The tmx parsed instance
            </summary>
        </member>
        <member name="F:WaveEngine.TiledMap.TiledMap.tilesets">
            <summary>
            The list of tilesets
            </summary>
        </member>
        <member name="F:WaveEngine.TiledMap.TiledMap.minLayerDrawOrder">
            <summary>
            DrawOrder of the last layer
            </summary>
        </member>
        <member name="F:WaveEngine.TiledMap.TiledMap.maxLayerDrawOrder">
            <summary>
            DrawOrder of the first layer
            </summary>
        </member>
        <member name="F:WaveEngine.TiledMap.TiledMap.tileLayers">
            <summary>
            Tiled map layers dictionary
            </summary>
        </member>
        <member name="F:WaveEngine.TiledMap.TiledMap.objectLayers">
            <summary>
            object layers dictionary
            </summary>
        </member>
        <member name="F:WaveEngine.TiledMap.TiledMap.imageLayers">
            <summary>
            image layers dictionary
            </summary>
        </member>
        <member name="P:WaveEngine.TiledMap.TiledMap.TmxPath">
            <summary>
            Gets or sets the Path of the Tiled Map TMX file
            </summary>
        </member>
        <member name="P:WaveEngine.TiledMap.TiledMap.Tilesets">
            <summary>
            Gets the tileset list
            </summary>
        </member>
        <member name="P:WaveEngine.TiledMap.TiledMap.MinLayerDrawOrder">
            <summary>
            Gets or sets the draw order of the last layer.
            </summary>
        </member>
        <member name="P:WaveEngine.TiledMap.TiledMap.MaxLayerDrawOrder">
            <summary>
            Gets or sets the draw order of the first layer.
            </summary>
        </member>
        <member name="P:WaveEngine.TiledMap.TiledMap.TileLayers">
            <summary>
            Gets the tile layer dictionary
            </summary>
        </member>
        <member name="P:WaveEngine.TiledMap.TiledMap.ObjectLayers">
            <summary>
            Gets the object layer dictionary
            </summary>
        </member>
        <member name="P:WaveEngine.TiledMap.TiledMap.ImageLayers">
            <summary>
            Gets the image layer dictionary
            </summary>
        </member>
        <member name="P:WaveEngine.TiledMap.TiledMap.Properties">
            <summary>
            Gets the map file properties.
            </summary>
        </member>
        <member name="P:WaveEngine.TiledMap.TiledMap.Version">
            <summary>
            Gets the TMX format version, generally 1.0.
            </summary>
        </member>
        <member name="P:WaveEngine.TiledMap.TiledMap.Orientation">
            <summary>
            Map orientation. Tiled supports "orthogonal", "isometric", "staggered" and "hexagonal" (since 0.11.0) at the moment.
            </summary>
        </member>
        <member name="P:WaveEngine.TiledMap.TiledMap.RenderOrder">
            <summary>
            The order in which tiles on tile layers are rendered. 
            Valid values are right-down (the default), right-up, left-down and left-up. 
            In all cases, the map is drawn row-by-row. 
            (since 0.10, but only supported for orthogonal maps at the moment)
            </summary>
        </member>
        <member name="P:WaveEngine.TiledMap.TiledMap.StaggerAxis">
            <summary>
            Stagger Axis. For staggered maps, indicates if the tiles are ordered in X axis or Y axis.
            </summary>
        </member>
        <member name="P:WaveEngine.TiledMap.TiledMap.StaggerIndex">
            <summary>
            Stagger Index. For staggered maps, indicates if the tiles index is odd or even.
            </summary>
        </member>
        <member name="P:WaveEngine.TiledMap.TiledMap.HexSideLength">
            <summary>
            The tile side length for hexagonal maps.
            </summary>
        </member>
        <member name="P:WaveEngine.TiledMap.TiledMap.Width">
            <summary>
            The map width in tiles.
            </summary>
        </member>
        <member name="P:WaveEngine.TiledMap.TiledMap.Height">
            <summary>
            The map height in tiles.
            </summary>
        </member>
        <member name="P:WaveEngine.TiledMap.TiledMap.TileWidth">
            <summary>
            The width of a tile.
            </summary>
        </member>
        <member name="P:WaveEngine.TiledMap.TiledMap.TileHeight">
            <summary>
            The height of a tile.
            </summary>
        </member>
        <member name="P:WaveEngine.TiledMap.TiledMap.BackgroundColor">
            <summary>
            The background color of the map. (since 0.9.0)
            </summary>
        </member>
        <member name="M:WaveEngine.TiledMap.TiledMap.#ctor">
            <summary>
            Initializes a new instance of the <see cref="T:WaveEngine.TiledMap.TiledMap" /> class.
            </summary>
        </member>
        <member name="M:WaveEngine.TiledMap.TiledMap.#ctor(System.String)">
            <summary>
            Initializes a new instance of the <see cref="T:WaveEngine.TiledMap.TiledMap" /> class.
            </summary>
            <param name="tmxPath">TMX file path.</param>
        </member>
        <member name="M:WaveEngine.TiledMap.TiledMap.#ctor(System.IO.Stream,System.String)">
            <summary>
            Initializes a new instance of the <see cref="T:WaveEngine.TiledMap.TiledMap" /> class.
            </summary>
            <param name="tmxStream">TMX stream.</param>
            <param name="tmxStreamAssetsPath">TMX stream assets path.</param>
        </member>
        <member name="M:WaveEngine.TiledMap.TiledMap.DefaultValues">
            <summary>
            Sets default values
            </summary>
        </member>
        <member name="M:WaveEngine.TiledMap.TiledMap.GetTilesetByGid(System.Int32)">
            <summary>
            Get a tileset by a Global ID
            </summary>
            <param name="gid">Th Global ID.</param>
            <returns>The associated tileset.</returns>
        </member>
        <member name="M:WaveEngine.TiledMap.TiledMap.GetTilePosition(System.Int32,System.Int32,WaveEngine.TiledMap.Tileset,WaveEngine.Common.Math.Vector2@)">
            <summary>
            Obtains the tile position
            </summary>
            <param name="x">The X tile coord.</param>
            <param name="y">The Y tile coord.</param>
            <param name="tileset">The tileset.</param>
            <param name="position">The tile position</param>
        </member>
        <member name="M:WaveEngine.TiledMap.TiledMap.CalcRectangle">
            <summary>
            Calculate rectangle
            </summary>
            <returns></returns>
        </member>
        <member name="M:WaveEngine.TiledMap.TiledMap.GetTileCoordinatesByWorldPosition(WaveEngine.Common.Math.Vector2,System.Int32@,System.Int32@)">
            <summary>
            Get Tile coordinates (x, y) by world position
            </summary>
            <param name="position">The world position</param>
            <param name="tileX">Out tile X coordinate</param>
            <param name="tileY">Out tile Y coordinate</param>
        </member>
        <member name="M:WaveEngine.TiledMap.TiledMap.DoStaggerX(System.Int32)">
            <summary>
            Does the stagger x.
            </summary>
            <param name="x">The x.</param>
            <returns></returns>
        </member>
        <member name="M:WaveEngine.TiledMap.TiledMap.DoStaggerY(System.Int32)">
            <summary>
            Does the stagger y.
            </summary>
            <param name="y">The y.</param>
            <returns></returns>
        </member>
        <member name="M:WaveEngine.TiledMap.TiledMap.Initialize">
            <summary>
            Initializes Tiled Map
            </summary>
        </member>
        <member name="M:WaveEngine.TiledMap.TiledMap.ReloadTmxFile">
            <summary>
            Reload TMX file
            </summary>
        </member>
        <member name="M:WaveEngine.TiledMap.TiledMap.UnloadTmxFile">
            <summary>
            Unload TMX file
            </summary>
        </member>
        <member name="M:WaveEngine.TiledMap.TiledMap.LoadTmxFile">
            <summary>
            Load TMX file
            </summary>
        </member>
        <member name="M:WaveEngine.TiledMap.TiledMap.CreateTilesets">
            <summary>
            Create tilesets associated to this map.
            </summary>
        </member>
        <member name="M:WaveEngine.TiledMap.TiledMap.CreateObjectLayers">
            <summary>
            Load object layers
            </summary>
        </member>
        <member name="M:WaveEngine.TiledMap.TiledMap.CreateImageLayers">
            <summary>
            Create tile layers
            </summary>
        </member>
        <member name="M:WaveEngine.TiledMap.TiledMap.CreateTileLayers">
            <summary>
            Create tile layers
            </summary>
        </member>
        <member name="M:WaveEngine.TiledMap.TiledMap.CreateChildTileImageLayer(TiledSharp.TmxImageLayer,System.Int32)">
            <summary>
            Create the tile image layer as a child entity
            </summary>
            <param name="tmxImageLayer">The tmx image layer.</param>
            <param name="layerIndex">The layer index</param>
        </member>
        <member name="M:WaveEngine.TiledMap.TiledMap.CreateChildTileLayer(TiledSharp.TmxLayer,System.Int32)">
            <summary>
            Create the tile layer as a child entity
            </summary>
            <param name="tmxLayer">The tmx layer.</param>
            <param name="layerIndex">The layer index</param>
        </member>
        <member name="M:WaveEngine.TiledMap.TiledMap.UpdateLayerDrawOrders">
            <summary>
            Update draw order of the layers
            </summary>
        </member>
        <member name="T:WaveEngine.TiledMap.TiledMapLayer">
            <summary>
            Gets the tile layer in the TiledMap
            </summary>
        </member>
        <member name="F:WaveEngine.TiledMap.TiledMapLayer.tmxLayer">
            <summary>
            The tmx parsed layer
            </summary>
        </member>
        <member name="F:WaveEngine.TiledMap.TiledMapLayer.tiledMap">
            <summary>
            The tile map instance.
            </summary>
        </member>
        <member name="F:WaveEngine.TiledMap.TiledMapLayer.tiles">
            <summary>
            Tile list of this layer
            </summary>
        </member>
        <member name="F:WaveEngine.TiledMap.TiledMapLayer.tileTable">
            <summary>
            Tile arranged by its map coordinates
            </summary>
        </member>
        <member name="F:WaveEngine.TiledMap.TiledMapLayer.NeedRefresh">
            <summary>
            Meshes need to be refreshed
            </summary>
        </member>
        <member name="F:WaveEngine.TiledMap.TiledMapLayer.tmxLayerName">
            The TMX Layer name
        </member>
        <member name="F:WaveEngine.TiledMap.TiledMapLayer.isLayerLoaded">
            <summary>
            The layer is loaded
            </summary>
        </member>
        <member name="P:WaveEngine.TiledMap.TiledMapLayer.LayerNames">
            <summary>
            Gets the layer names.
            </summary>
            <value>
            The layer names.
            </value>
        </member>
        <member name="P:WaveEngine.TiledMap.TiledMapLayer.Tiles">
            <summary>
            Gets the tiles list
            </summary>
        </member>
        <member name="P:WaveEngine.TiledMap.TiledMapLayer.TmxLayerName">
            <summary>
            Gets or sets the TMX Layer name
            </summary>
        </member>
        <member name="M:WaveEngine.TiledMap.TiledMapLayer.#ctor">
            <summary>
            Initializes a new instance of the <see cref="T:WaveEngine.TiledMap.TiledMapLayer" /> class.
            </summary>
        </member>
        <member name="M:WaveEngine.TiledMap.TiledMapLayer.DefaultValues">
            <summary>
            Sets the default values
            </summary>
        </member>
        <member name="M:WaveEngine.TiledMap.TiledMapLayer.Initialize">
            <summary>
            Initializes this component
            </summary>
        </member>
        <member name="M:WaveEngine.TiledMap.TiledMapLayer.GetNeighboursFromTile(WaveEngine.TiledMap.LayerTile)">
            <summary>
            Gets a <see cref="T:WaveEngine.TiledMap.NeighboursCollection"/> that contains the neighbour of the spefied tile.
            </summary>
            <param name="tile">The tile.</param>
            <returns></returns>
            <exception cref="T:System.ArgumentNullException">The tile argument can not be null</exception>
        </member>
        <member name="M:WaveEngine.TiledMap.TiledMapLayer.GetLayerTileByWorldPosition(WaveEngine.Common.Math.Vector2)">
            <summary>
            Get Tile coordinates (x, y) by world position
            </summary>
            <param name="position">The world position</param>
        </member>
        <member name="M:WaveEngine.TiledMap.TiledMapLayer.GetLayerTileByMapCoordinates(System.Int32,System.Int32)">
            <summary>
            Gets a tile by its map coordinates
            </summary>        
            <param name="x">The X coord of the tile.</param>
            <param name="y">The Y coord of the tile.</param>
            <returns></returns>
        </member>
        <member name="M:WaveEngine.TiledMap.TiledMapLayer.Dispose">
            <summary>
            Dispose this component
            </summary>
        </member>
        <member name="M:WaveEngine.TiledMap.TiledMapLayer.RefreshLayer">
            <summary>
            Refresh the layer
            </summary>
        </member>
        <member name="M:WaveEngine.TiledMap.TiledMapLayer.UnloadLayer">
            <summary>
            Unload layer
            </summary>
        </member>
        <member name="M:WaveEngine.TiledMap.TiledMapLayer.LoadLayer">
            <summary>
            Initialize Layer
            </summary>
        </member>
        <member name="T:WaveEngine.TiledMap.TiledMapLayerRenderer">
            <summary>
            Render a TiledMap Layer
            </summary>
        </member>
        <member name="F:WaveEngine.TiledMap.TiledMapLayerRenderer.indicesPerTile">
            <summary>
            Number of indices per tile
            </summary>
        </member>
        <member name="F:WaveEngine.TiledMap.TiledMapLayerRenderer.verticesPerTile">
            <summary>
            Number of indices per tile
            </summary>
        </member>
        <member name="F:WaveEngine.TiledMap.TiledMapLayerRenderer.tiledMap">
            <summary>
            The associated tiled map
            </summary>
        </member>
        <member name="F:WaveEngine.TiledMap.TiledMapLayerRenderer.meshes">
            <summary>
            Meshes list associated to its material
            </summary>
        </member>
        <member name="F:WaveEngine.TiledMap.TiledMapLayerRenderer.nTiles">
            <summary>
            Tiles count
            </summary>
        </member>
        <member name="F:WaveEngine.TiledMap.TiledMapLayerRenderer.vertices">
            <summary>
            Vertices data
            </summary>
        </member>
        <member name="F:WaveEngine.TiledMap.TiledMapLayerRenderer.vertexBuffer">
            <summary>
            The layer vertex buffer
            </summary>
        </member>
        <member name="F:WaveEngine.TiledMap.TiledMapLayerRenderer.indexBuffer">
            <summary>
            The layer index buffer
            </summary>
        </member>
        <member name="F:WaveEngine.TiledMap.TiledMapLayerRenderer.transform2D">
            <summary>
            This component requires a Transfrom2D
            </summary>
        </member>
        <member name="F:WaveEngine.TiledMap.TiledMapLayerRenderer.tiledMapLayer">
            <summary>
            This component requires a TiledMapLayer component.
            </summary>
        </member>
        <member name="F:WaveEngine.TiledMap.TiledMapLayerRenderer.samplerMode">
            <summary>
            The sampler mode
            </summary>
        </member>
        <member name="F:WaveEngine.TiledMap.TiledMapLayerRenderer.cachedOrigin">
            <summary>
            The cached origin
            </summary>
        </member>
        <member name="F:WaveEngine.TiledMap.TiledMapLayerRenderer.originTranslation">
            <summary>
            A transform to apply the origin
            </summary>
        </member>
        <member name="P:WaveEngine.TiledMap.TiledMapLayerRenderer.SamplerMode">
            <summary>
            Gets the sampler mode
            </summary>
        </member>
        <member name="M:WaveEngine.TiledMap.TiledMapLayerRenderer.#ctor">
            <summary>
            Initializes a new instance of the <see cref="T:WaveEngine.TiledMap.TiledMapLayerRenderer" /> class.
            </summary>
        </member>
        <member name="M:WaveEngine.TiledMap.TiledMapLayerRenderer.#ctor(System.Type)">
            <summary>
            Initializes a new instance of the <see cref="T:WaveEngine.TiledMap.TiledMapLayerRenderer" /> class.
            </summary>
            <param name="layerType">The layer type.</param>
        </member>
        <member name="M:WaveEngine.TiledMap.TiledMapLayerRenderer.#ctor(System.Type,WaveEngine.Common.Graphics.AddressMode)">
            <summary>
            Initializes a new instance of the <see cref="T:WaveEngine.TiledMap.TiledMapLayerRenderer" /> class.
            </summary>
            <param name="layerType">The layer type.</param>
            <param name="samplerMode">The sampler mode.</param>
        </member>
        <member name="M:WaveEngine.TiledMap.TiledMapLayerRenderer.DefaultValues">
            <summary>
            Sets the default values
            </summary>
        </member>
        <member name="M:WaveEngine.TiledMap.TiledMapLayerRenderer.DrawDebugLines">
            <summary>
            Draw debug lines
            </summary>
        </member>
        <member name="M:WaveEngine.TiledMap.TiledMapLayerRenderer.Draw(System.TimeSpan)">
            <summary>
            Draws the layer meshes
            </summary>
            <param name="gameTime">the current time</param>
        </member>
        <member name="M:WaveEngine.TiledMap.TiledMapLayerRenderer.Initialize">
            <summary>
            Initializes the layer renderer
            </summary>
        </member>
        <member name="M:WaveEngine.TiledMap.TiledMapLayerRenderer.RefreshMeshes">
            <summary>
            Refresh layer meshes.
            </summary>
        </member>
        <member name="M:WaveEngine.TiledMap.TiledMapLayerRenderer.GetCellRenderOrderByIndex(System.Int32,System.Int32,System.Int32@,System.Int32@)">
            <summary>
            Get cell render order by the tile index
            </summary>
            <param name="i">The tile x coord</param>
            <param name="j">The tile y coord</param>
            <param name="x">The tile x render order</param>
            <param name="y">The tile y render order</param>
        </member>
        <member name="M:WaveEngine.TiledMap.TiledMapLayerRenderer.FillTile(WaveEngine.TiledMap.Tileset,WaveEngine.TiledMap.LayerTile,System.Int32)">
            <summary>
            Fill VertexBuffer with a tile
            </summary>
            <param name="tileset">The tileset.</param>
            <param name="tile">The tile information.</param>
            <param name="tileIndex">Current tileId</param>
        </member>
        <member name="M:WaveEngine.TiledMap.TiledMapLayerRenderer.NewMesh(System.Int32,System.Int32,WaveEngine.Framework.Graphics.Texture2D)">
            <summary>
            Creates a new layer mesh
            </summary>
            <param name="startIndex">Start index.</param>
            <param name="count">Count indices</param>
            <param name="image">Mesh material</param>
        </member>
        <member name="M:WaveEngine.TiledMap.TiledMapLayerRenderer.RemoveBuffers">
            <summary>
            Clear meshes
            </summary>
        </member>
        <member name="M:WaveEngine.TiledMap.TiledMapLayerRenderer.Dispose(System.Boolean)">
            <summary>
            Releases unmanaged and - optionally - managed resources
            </summary>
            <param name="disposing"><c>true</c> to release both managed and unmanaged resources; <c>false</c> to release only unmanaged resources.</param>
        </member>
        <member name="P:WaveEngine.TiledMap.TiledMapObject.Name">
            <summary>
            Gets the object name
            </summary>
        </member>
        <member name="P:WaveEngine.TiledMap.TiledMapObject.ObjectType">
            <summary>
            Gets the object type
            </summary>
        </member>
        <member name="P:WaveEngine.TiledMap.TiledMapObject.Type">
            <summary>
            Gets the object type property
            </summary>
        </member>
        <member name="P:WaveEngine.TiledMap.TiledMapObject.X">
            <summary>
            Gets the X position
            </summary>
        </member>
        <member name="P:WaveEngine.TiledMap.TiledMapObject.Y">
            <summary>
            Gets the Y position
            </summary>
        </member>
        <member name="P:WaveEngine.TiledMap.TiledMapObject.Width">
            <summary>
            Gets the With size
            </summary>
        </member>
        <member name="P:WaveEngine.TiledMap.TiledMapObject.Height">
            <summary>
            Gets the Height size
            </summary>
        </member>
        <member name="P:WaveEngine.TiledMap.TiledMapObject.Rotation">
            <summary>
            Gets the rotation
            </summary>
        </member>
        <member name="P:WaveEngine.TiledMap.TiledMapObject.Tile">
            <summary>
            Gets the asociated tile
            </summary>
        </member>
        <member name="P:WaveEngine.TiledMap.TiledMapObject.Visible">
            <summary>
            Gets a value indicating whether this object is visible
            </summary>
        </member>
        <member name="P:WaveEngine.TiledMap.TiledMapObject.Points">
            <summary>
            Gets the point list 
            </summary>
        </member>
        <member name="P:WaveEngine.TiledMap.TiledMapObject.Properties">
            <summary>
            Gets the object property list
            </summary>
        </member>
        <member name="M:WaveEngine.TiledMap.TiledMapObject.#ctor(TiledSharp.TmxObject)">
            <summary>
            Initializes a new instance of the <see cref="T:WaveEngine.TiledMap.TiledMapObject" /> class.
            </summary>
            <param name="tmxObject">The TMX parsed object</param>
        </member>
        <member name="T:WaveEngine.TiledMap.TiledMapImageLayer">
            <summary>
            The represent the TMX image layer 
            </summary>
        </member>
        <member name="P:WaveEngine.TiledMap.TiledMapImageLayer.ImageLayerName">
            <summary>
            Gets the image layer name
            </summary>
        </member>
        <member name="P:WaveEngine.TiledMap.TiledMapImageLayer.Opacity">
            <summary>
            Gets the image layer Opacity
            </summary>
        </member>
        <member name="P:WaveEngine.TiledMap.TiledMapImageLayer.Visible">
            <summary>
            Gets a value indicating whether this image layer is visible
            </summary>
        </member>
        <member name="P:WaveEngine.TiledMap.TiledMapImageLayer.Offset">
            <summary>
            Gets the image layer offset
            </summary>
        </member>
        <member name="P:WaveEngine.TiledMap.TiledMapImageLayer.ImagePath">
            <summary>
            Gets the image layer image texture.
            </summary>
        </member>
        <member name="P:WaveEngine.TiledMap.TiledMapImageLayer.Properties">
            <summary>
            Gets the object layer properties
            </summary>
        </member>
        <member name="M:WaveEngine.TiledMap.TiledMapImageLayer.#ctor(TiledSharp.TmxImageLayer,WaveEngine.TiledMap.TiledMap)">
            <summary>
            Initializes a new instance of the <see cref="T:WaveEngine.TiledMap.TiledMapImageLayer" /> class.
            </summary>
            <param name="tmxImageLayer">The TMX parsed image layer</param>
            <param name="tiledMap">The tiled map</param>
        </member>
        <member name="T:WaveEngine.TiledMap.TiledMapObjectLayer">
            <summary>
            The represent the TMX object layer 
            </summary>
        </member>
        <member name="P:WaveEngine.TiledMap.TiledMapObjectLayer.ObjectLayerName">
            <summary>
            Gets the object layer name
            </summary>
        </member>
        <member name="P:WaveEngine.TiledMap.TiledMapObjectLayer.Color">
            <summary>
            Gets the object layer color
            </summary>
        </member>
        <member name="P:WaveEngine.TiledMap.TiledMapObjectLayer.Opacity">
            <summary>
            Gets the object layer Opacity
            </summary>
        </member>
        <member name="P:WaveEngine.TiledMap.TiledMapObjectLayer.Visible">
            <summary>
            Gets a value indicating whether this object layer is visible
            </summary>
        </member>
        <member name="P:WaveEngine.TiledMap.TiledMapObjectLayer.Offset">
            <summary>
            Gets the object layer offset
            </summary>
        </member>
        <member name="P:WaveEngine.TiledMap.TiledMapObjectLayer.Objects">
            <summary>
            Gets the objects contained in the object layer.
            </summary>
        </member>
        <member name="P:WaveEngine.TiledMap.TiledMapObjectLayer.Properties">
            <summary>
            Gets the object layer properties
            </summary>
        </member>
        <member name="M:WaveEngine.TiledMap.TiledMapObjectLayer.#ctor(TiledSharp.TmxObjectGroup)">
            <summary>
            Initializes a new instance of the <see cref="T:WaveEngine.TiledMap.TiledMapObjectLayer" /> class.
            </summary>
            <param name="tmxObjectLayer">The TMX parsed object layer</param>
        </member>
        <member name="T:WaveEngine.TiledMap.TiledMapObjectType">
            <summary>
            Object type
            </summary>
        </member>
        <member name="F:WaveEngine.TiledMap.TiledMapObjectType.Basic">
            <summary>
            Basic rectangle object
            </summary>
        </member>
        <member name="F:WaveEngine.TiledMap.TiledMapObjectType.Tile">
            <summary>
            object associated to a tile
            </summary>
        </member>
        <member name="F:WaveEngine.TiledMap.TiledMapObjectType.Ellipse">
            <summary>
            Ellipse object
            </summary>
        </member>
        <member name="F:WaveEngine.TiledMap.TiledMapObjectType.Polygon">
            <summary>
            Poligon that conform the object
            </summary>
        </member>
        <member name="F:WaveEngine.TiledMap.TiledMapObjectType.Polyline">
            <summary>
            Polyline that describes the object
            </summary>
        </member>
        <member name="T:WaveEngine.TiledMap.TiledMapOrientationType">
            <summary>
            Map orientation. Tiled supports "orthogonal", "isometric", "staggered" and "hexagonal" (since 0.11.0) at the moment.
            </summary>
        </member>
        <member name="T:WaveEngine.TiledMap.TiledMapRenderOrderType">
            <summary>
            The order in which tiles on tile layers are rendered. 
            Valid values are right-down (the default), right-up, left-down and left-up. 
            In all cases, the map is drawn row-by-row. 
            </summary>
        </member>
        <member name="T:WaveEngine.TiledMap.TiledMapStaggerAxisType">
            <summary>
            Stagger Axis. For staggered maps, indicates if the tiles are ordered in X axis or Y axis.
            </summary>
        </member>
        <member name="T:WaveEngine.TiledMap.TiledMapStaggerIndexType">
            <summary>
            Stagger Index. For staggered maps, indicates if the tiles index is odd or even.
            </summary>
        </member>
        <member name="M:WaveEngine.TiledMap.TiledMapUtils.GetRectangleTileByID(WaveEngine.TiledMap.Tileset,System.Int32)">
            <summary>
            Gets the tile rectangle by tile identifier.
            </summary>
            <param name="tileset">The tileset.</param>
            <param name="tileId">The tile identifier.</param>
            <returns>Tile rectangle</returns>
        </member>
        <member name="T:WaveEngine.TiledMap.Tileset">
            <summary>
            A TMX tileset wrapper class 
            </summary>
        </member>
        <member name="F:WaveEngine.TiledMap.Tileset.tiledMap">
            <summary>
            The Tiled map
            </summary>
        </member>
        <member name="F:WaveEngine.TiledMap.Tileset.terrains">
            <summary>
            The tileset terrains
            </summary>
        </member>
        <member name="F:WaveEngine.TiledMap.Tileset.tiles">
            <summary>
            The tileset tiles properties
            </summary>
        </member>
        <member name="P:WaveEngine.TiledMap.Tileset.Name">
            <summary>
            Gets the name of the tileset.
            </summary>
        </member>
        <member name="P:WaveEngine.TiledMap.Tileset.TileWidth">
            <summary>
            Gets the (maximum) width of the tiles in this tileset.
            </summary>
        </member>
        <member name="P:WaveEngine.TiledMap.Tileset.TileHeight">
            <summary>
            Gets the (maximum) height of the tiles in this tileset.
            </summary>
        </member>
        <member name="P:WaveEngine.TiledMap.Tileset.FirstGid">
            <summary>
            Gets the first global tile ID of this tileset (this global ID maps to the first tile in this tileset).
            </summary>
        </member>
        <member name="P:WaveEngine.TiledMap.Tileset.LastGid">
            <summary>
            Gets the last global tile ID of this tileset (this global ID maps to the last tile in this tileset).
            </summary>
        </member>
        <member name="P:WaveEngine.TiledMap.Tileset.Spacing">
            <summary>
            Gets the spacing in pixels between the tiles in this tileset (applies to the tileset image).
            </summary>
        </member>
        <member name="P:WaveEngine.TiledMap.Tileset.Margin">
            <summary>
            Gets the margin around the tiles in this tileset (applies to the tileset image).
            </summary>
        </member>
        <member name="P:WaveEngine.TiledMap.Tileset.XTilesCount">
            <summary>
            Gets the number of tiles in the X axis
            </summary>
        </member>
        <member name="P:WaveEngine.TiledMap.Tileset.YTilesCount">
            <summary>
            Gets the number of tiles in the Y axis
            </summary>
        </member>
        <member name="P:WaveEngine.TiledMap.Tileset.XDrawingOffset">
            <summary>
            Gets the drawing offset in the X axis.
            </summary>
        </member>
        <member name="P:WaveEngine.TiledMap.Tileset.YDrawingOffset">
            <summary>
            Gets the drawing offset in the Y axis.
            </summary>
        </member>
        <member name="P:WaveEngine.TiledMap.Tileset.Colums">
            <summary>
            Gets the number of tile columns in the tileset.
            </summary>
        </member>
        <member name="P:WaveEngine.TiledMap.Tileset.Image">
            <summary>
            Gets the tileset image texture.
            </summary>
        </member>
        <member name="P:WaveEngine.TiledMap.Tileset.Terrains">
            <summary>
            Thetileset terrains
            </summary>
        </member>
        <member name="P:WaveEngine.TiledMap.Tileset.TilesTable">
            <summary>
            Gets the tileset tiles arranged in a table
            </summary>
        </member>
        <member name="M:WaveEngine.TiledMap.Tileset.#ctor(TiledSharp.TmxTileset,WaveEngine.TiledMap.TiledMap)">
            <summary>
            Initializes a new instance of the <see cref="T:WaveEngine.TiledMap.Tileset" /> class.
            </summary>
            <param name="tmxTileset">The TMX parsed tileset</param>
            <param name="tiledMap">The tiled map</param>
        </member>
        <member name="M:WaveEngine.TiledMap.Tileset.Dispose">
            <summary>
            Dispose this tileset instance
            </summary>
        </member>
        <member name="P:WaveEngine.TiledMap.TilesetTerrain.Name">
            <summary>
            Gets the terrain name
            </summary>
        </member>
        <member name="P:WaveEngine.TiledMap.TilesetTerrain.Properties">
            <summary>
            Gets the terrain properties
            </summary>
        </member>
        <member name="P:WaveEngine.TiledMap.TilesetTerrain.Tile">
            <summary>
            Gets the tile ID
            </summary>
        </member>
        <member name="M:WaveEngine.TiledMap.TilesetTerrain.#ctor(TiledSharp.TmxTerrain)">
            <summary>
            Initializes a new instance of the <see cref="T:WaveEngine.TiledMap.TilesetTerrain" /> class.
            </summary>
            <param name="tmxTerrain">The tmx terrain</param>
        </member>
        <member name="T:WaveEngine.TiledMap.TilesetTile">
            <summary>
            Represent a single Tile in a Layer
            </summary>
        </member>
        <member name="P:WaveEngine.TiledMap.TilesetTile.ID">
            <summary>
            Gets the tile ID
            </summary>
        </member>
        <member name="P:WaveEngine.TiledMap.TilesetTile.Probability">
            <summary>
            Gets the tile probability in a terrain
            </summary>
        </member>
        <member name="P:WaveEngine.TiledMap.TilesetTile.Properties">
            <summary>
            Gets the tileset tile properties
            </summary>
        </member>
        <member name="P:WaveEngine.TiledMap.TilesetTile.TerrainEdges">
            <summary>
            Gets the terrain associated edges
            </summary>
        </member>
        <member name="P:WaveEngine.TiledMap.TilesetTile.BottomLeft">
            <summary>
            Gets the terrain at the bottom left edge
            </summary>
        </member>
        <member name="P:WaveEngine.TiledMap.TilesetTile.BottomRight">
            <summary>
            Gets the terrain at the bottom right edge
            </summary>
        </member>
        <member name="P:WaveEngine.TiledMap.TilesetTile.TopLeft">
            <summary>
            Gets the terrain at the top left edge
            </summary>
        </member>
        <member name="P:WaveEngine.TiledMap.TilesetTile.TopRight">
            <summary>
            Gets the terrain at the top right edge
            </summary>
        </member>
        <member name="P:WaveEngine.TiledMap.TilesetTile.Tileset">
            <summary>
            Gets the associated tileset
            </summary>
        </member>
        <member name="M:WaveEngine.TiledMap.TilesetTile.#ctor(TiledSharp.TmxTilesetTile,WaveEngine.TiledMap.Tileset)">
            <summary>
            Initializes a new instance of the <see cref="T:WaveEngine.TiledMap.TilesetTile" /> class.
            </summary>>
            <param name="tmxTilesetTile">The TMX parsed tileset tile.</param>
            <param name="tileset">The associated tileset</param>
        </member>
        <member name="T:WaveEngine.TiledMap.WaveDocumentLoader">
            <summary>
            Loader for wpk textures
            </summary>
        </member>
        <member name="M:WaveEngine.TiledMap.WaveDocumentLoader.Load(System.String)">
            <summary>
            Loads the specified document.
            </summary>
            <param name="path">The path.</param>
        </member>
    </members>
</doc>
